topic,t,lost,matches,inliers,features,icp_inliers_ratio,local_map_size
/rtabmap/odom_info_lite,1780715154.000741482,0,0,0,0,0.569607,0
/rtabmap/odom_info,1780715154.001521349,0,0,0,0,0.569607,0
/rtabmap/odom_info_lite,1780715154.288208485,0,0,0,0,0.568533,0
/rtabmap/odom_info,1780715154.289704084,0,0,0,0,0.568533,0
/rtabmap/odom_info_lite,1780715154.634650230,0,0,0,0,0.567288,0
/rtabmap/odom_info,1780715154.636311769,0,0,0,0,0.567288,0
/rtabmap/odom_info_lite,1780715154.914556265,0,0,0,0,0.567560,0
/rtabmap/odom_info,1780715154.915106058,0,0,0,0,0.567560,0
/rtabmap/odom_info_lite,1780715155.195790529,0,0,0,0,0.564588,0
/rtabmap/odom_info,1780715155.196487427,0,0,0,0,0.564588,0
/rtabmap/odom_info_lite,1780715155.500326395,0,0,0,0,0.568237,0
/rtabmap/odom_info,1780715155.501584530,0,0,0,0,0.568237,0
/rtabmap/odom_info_lite,1780715155.812888384,0,0,0,0,0.567353,0
/rtabmap/odom_info,1780715155.813897371,0,0,0,0,0.567353,0
/rtabmap/odom_info_lite,1780715156.093294621,0,0,0,0,0.567847,0
/rtabmap/odom_info,1780715156.093997717,0,0,0,0,0.567847,0
/rtabmap/odom_info_lite,1780715156.393646002,0,0,0,0,0.567349,0
/rtabmap/odom_info,1780715156.394083261,0,0,0,0,0.567349,0
/rtabmap/odom_info_lite,1780715156.648017406,0,0,0,0,0.563186,0
/rtabmap/odom_info,1780715156.648840189,0,0,0,0,0.563186,0
/rtabmap/odom_info_lite,1780715156.955091238,0,0,0,0,0.567811,0
/rtabmap/odom_info,1780715156.956156969,0,0,0,0,0.567811,0
/rtabmap/odom_info_lite,1780715157.259866714,0,0,0,0,0.568945,0
/rtabmap/odom_info,1780715157.263212204,0,0,0,0,0.568945,0
/rtabmap/odom_info_lite,1780715157.605960369,0,0,0,0,0.565373,0
/rtabmap/odom_info,1780715157.607037544,0,0,0,0,0.565373,0
/rtabmap/odom_info_lite,1780715157.918362141,0,0,0,0,0.567490,0
/rtabmap/odom_info,1780715157.919898272,0,0,0,0,0.567490,0
/rtabmap/odom_info_lite,1780715158.386877060,0,0,0,0,0.568468,0
/rtabmap/odom_info,1780715158.387548208,0,0,0,0,0.568468,0
/rtabmap/odom_info_lite,1780715158.644736052,0,0,0,0,0.568609,0
/rtabmap/odom_info,1780715158.645518303,0,0,0,0,0.568609,0
/rtabmap/odom_info_lite,1780715158.920621872,0,0,0,0,0.568119,0
/rtabmap/odom_info,1780715158.921523094,0,0,0,0,0.568119,0
/rtabmap/odom_info_lite,1780715159.274647713,0,0,0,0,0.566820,0
/rtabmap/odom_info,1780715159.276163340,0,0,0,0,0.566820,0
/rtabmap/odom_info_lite,1780715159.606350899,0,0,0,0,0.569489,0
/rtabmap/odom_info,1780715159.607661009,0,0,0,0,0.569489,0
/rtabmap/odom_info_lite,1780715159.949882984,0,0,0,0,0.566259,0
/rtabmap/odom_info,1780715159.951521158,0,0,0,0,0.566259,0
/rtabmap/odom_info_lite,1780715160.216012239,0,0,0,0,0.570850,0
/rtabmap/odom_info,1780715160.217778444,0,0,0,0,0.570850,0
/rtabmap/odom_info_lite,1780715160.482264757,0,0,0,0,0.566553,0
/rtabmap/odom_info,1780715160.484479666,0,0,0,0,0.566553,0
/rtabmap/odom_info,1780715160.793769598,0,0,0,0,0.568324,0
/rtabmap/odom_info_lite,1780715160.794565201,0,0,0,0,0.568324,0
/rtabmap/odom_info,1780715161.058681250,0,0,0,0,0.565439,0
/rtabmap/odom_info_lite,1780715161.059626579,0,0,0,0,0.565439,0
/rtabmap/odom_info_lite,1780715161.354046106,0,0,0,0,0.567110,0
/rtabmap/odom_info,1780715161.356024265,0,0,0,0,0.567110,0
/rtabmap/odom_info_lite,1780715161.630984068,0,0,0,0,0.569813,0
/rtabmap/odom_info,1780715161.635210514,0,0,0,0,0.569813,0
/rtabmap/odom_info,1780715161.902120590,0,0,0,0,0.568620,0
/rtabmap/odom_info_lite,1780715161.907074690,0,0,0,0,0.568620,0
/rtabmap/odom_info_lite,1780715162.177607536,0,0,0,0,0.568617,0
/rtabmap/odom_info,1780715162.179953814,0,0,0,0,0.568617,0
/rtabmap/odom_info_lite,1780715162.549306631,0,0,0,0,0.526382,0
/rtabmap/odom_info,1780715162.552425146,0,0,0,0,0.526382,0
/rtabmap/odom_info_lite,1780715162.859452009,0,0,0,0,0.497476,0
/rtabmap/odom_info,1780715162.860902786,0,0,0,0,0.497476,0
/rtabmap/odom_info_lite,1780715163.150910616,0,0,0,0,0.437812,0
/rtabmap/odom_info,1780715163.152774572,0,0,0,0,0.437812,0
/rtabmap/odom_info_lite,1780715163.453572273,0,0,0,0,0.414764,0
/rtabmap/odom_info,1780715163.455929756,0,0,0,0,0.414764,0
/rtabmap/odom_info_lite,1780715163.796141148,0,0,0,0,0.451931,0
/rtabmap/odom_info_lite,1780715164.078061581,0,0,0,0,0.457694,0
/rtabmap/odom_info_lite,1780715164.430985928,0,0,0,0,0.489314,0
/rtabmap/odom_info,1780715164.434749365,0,0,0,0,0.489314,0
/rtabmap/odom_info_lite,1780715164.821919203,0,0,0,0,0.482096,0
/rtabmap/odom_info,1780715164.824738264,0,0,0,0,0.482096,0
/rtabmap/odom_info_lite,1780715165.206639528,0,0,0,0,0.469050,0
/rtabmap/odom_info,1780715165.208740473,0,0,0,0,0.469050,0
/rtabmap/odom_info_lite,1780715165.533870220,0,0,0,0,0.464963,0
/rtabmap/odom_info_lite,1780715165.853781462,0,0,0,0,0.448240,0
/rtabmap/odom_info_lite,1780715166.189252615,0,0,0,0,0.440727,0
/rtabmap/odom_info_lite,1780715166.591283798,0,0,0,0,0.465707,0
/rtabmap/odom_info,1780715166.592357397,0,0,0,0,0.465707,0
/rtabmap/odom_info,1780715166.923951626,0,0,0,0,0.446341,0
/rtabmap/odom_info_lite,1780715166.924914837,0,0,0,0,0.446341,0
/rtabmap/odom_info_lite,1780715167.196240664,0,0,0,0,0.486686,0
/rtabmap/odom_info,1780715167.199215174,0,0,0,0,0.486686,0
/rtabmap/odom_info_lite,1780715167.492764950,0,0,0,0,0.477636,0
/rtabmap/odom_info,1780715167.495325804,0,0,0,0,0.477636,0
/rtabmap/odom_info_lite,1780715167.774305105,0,0,0,0,0.442462,0
/rtabmap/odom_info,1780715167.776802778,0,0,0,0,0.442462,0
/rtabmap/odom_info_lite,1780715168.103451252,0,0,0,0,0.451174,0
/rtabmap/odom_info_lite,1780715168.362769842,0,0,0,0,0.470854,0
/rtabmap/odom_info,1780715168.365283728,0,0,0,0,0.470854,0
/rtabmap/odom_info_lite,1780715168.651816845,0,0,0,0,0.480142,0
/rtabmap/odom_info,1780715168.653414011,0,0,0,0,0.480142,0
/rtabmap/odom_info_lite,1780715168.966779470,0,0,0,0,0.444103,0
/rtabmap/odom_info,1780715168.973009348,0,0,0,0,0.444103,0
/rtabmap/odom_info_lite,1780715169.257328510,0,0,0,0,0.489777,0
/rtabmap/odom_info,1780715169.259874582,0,0,0,0,0.489777,0
/rtabmap/odom_info_lite,1780715169.578044415,0,0,0,0,0.431747,0
/rtabmap/odom_info,1780715169.579224825,0,0,0,0,0.431747,0
/rtabmap/odom_info_lite,1780715169.903130531,0,0,0,0,0.489130,0
/rtabmap/odom_info,1780715169.905083179,0,0,0,0,0.489130,0
/rtabmap/odom_info_lite,1780715170.236023903,0,0,0,0,0.497215,0
/rtabmap/odom_info,1780715170.238171577,0,0,0,0,0.497215,0
/rtabmap/odom_info_lite,1780715170.544289351,0,0,0,0,0.448024,0
/rtabmap/odom_info,1780715170.547887802,0,0,0,0,0.448024,0
/rtabmap/odom_info_lite,1780715170.879988670,0,0,0,0,0.458609,0
/rtabmap/odom_info,1780715170.882586718,0,0,0,0,0.458609,0
/rtabmap/odom_info_lite,1780715171.197574139,0,0,0,0,0.502826,0
/rtabmap/odom_info,1780715171.200384855,0,0,0,0,0.502826,0
/rtabmap/odom_info_lite,1780715171.472130060,0,0,0,0,0.506122,0
/rtabmap/odom_info,1780715171.476953268,0,0,0,0,0.506122,0
/rtabmap/odom_info_lite,1780715171.768077850,0,0,0,0,0.500205,0
/rtabmap/odom_info,1780715171.769712448,0,0,0,0,0.500205,0
/rtabmap/odom_info_lite,1780715172.141871452,0,0,0,0,0.482101,0
/rtabmap/odom_info,1780715172.143233538,0,0,0,0,0.482101,0
/rtabmap/odom_info_lite,1780715172.391570091,0,0,0,0,0.446673,0
/rtabmap/odom_info,1780715172.394110918,0,0,0,0,0.446673,0
/rtabmap/odom_info_lite,1780715172.770873547,0,0,0,0,0.468325,0
/rtabmap/odom_info,1780715172.772756815,0,0,0,0,0.468325,0
/rtabmap/odom_info_lite,1780715173.159519196,0,0,0,0,0.512037,0
/rtabmap/odom_info,1780715173.161264896,0,0,0,0,0.512037,0
/rtabmap/odom_info_lite,1780715173.505178213,0,0,0,0,0.466184,0
/rtabmap/odom_info,1780715173.507486820,0,0,0,0,0.466184,0
/rtabmap/odom_info_lite,1780715173.790916443,0,0,0,0,0.484259,0
/rtabmap/odom_info,1780715173.793411970,0,0,0,0,0.484259,0
/rtabmap/odom_info_lite,1780715174.105478287,0,0,0,0,0.473520,0
/rtabmap/odom_info,1780715174.106637716,0,0,0,0,0.473520,0
/rtabmap/odom_info_lite,1780715174.423239231,0,0,0,0,0.456529,0
/rtabmap/odom_info,1780715174.424497366,0,0,0,0,0.456529,0
/rtabmap/odom_info,1780715174.687648773,0,0,0,0,0.472636,0
/rtabmap/odom_info_lite,1780715174.688560963,0,0,0,0,0.472636,0
/rtabmap/odom_info_lite,1780715175.007302761,0,0,0,0,0.446004,0
/rtabmap/odom_info,1780715175.007938862,0,0,0,0,0.446004,0
/rtabmap/odom_info_lite,1780715175.380897999,0,0,0,0,0.354229,0
/rtabmap/odom_info,1780715175.382801056,0,0,0,0,0.354229,0
/rtabmap/odom_info_lite,1780715175.634484053,0,0,0,0,0.413301,0
/rtabmap/odom_info,1780715175.635383368,0,0,0,0,0.413301,0
/rtabmap/odom_info_lite,1780715175.836958170,0,0,0,0,0.310099,0
/rtabmap/odom_info,1780715175.837733746,0,0,0,0,0.310099,0
/rtabmap/odom_info_lite,1780715176.038549900,0,0,0,0,0.344926,0
/rtabmap/odom_info,1780715176.040410995,0,0,0,0,0.344926,0
/rtabmap/odom_info_lite,1780715176.283430338,0,0,0,0,0.312098,0
/rtabmap/odom_info,1780715176.284565210,0,0,0,0,0.312098,0
/rtabmap/odom_info_lite,1780715176.537185192,0,0,0,0,0.294518,0
/rtabmap/odom_info,1780715176.538588762,0,0,0,0,0.294518,0
/rtabmap/odom_info_lite,1780715176.780880928,0,0,0,0,0.403569,0
/rtabmap/odom_info,1780715176.781776190,0,0,0,0,0.403569,0
/rtabmap/odom_info_lite,1780715176.998989820,0,0,0,0,0.353332,0
/rtabmap/odom_info,1780715176.999652863,0,0,0,0,0.353332,0
/rtabmap/odom_info_lite,1780715177.209062815,0,0,0,0,0.357446,0
/rtabmap/odom_info,1780715177.210097551,0,0,0,0,0.357446,0
/rtabmap/odom_info_lite,1780715177.511784792,0,0,0,0,0.333892,0
/rtabmap/odom_info,1780715177.512486935,0,0,0,0,0.333892,0
/rtabmap/odom_info_lite,1780715177.776065588,0,0,0,0,0.323254,0
/rtabmap/odom_info,1780715177.776887894,0,0,0,0,0.323254,0
/rtabmap/odom_info_lite,1780715178.020076990,0,0,0,0,0.319024,0
/rtabmap/odom_info,1780715178.021153688,0,0,0,0,0.319024,0
/rtabmap/odom_info_lite,1780715178.253140688,0,0,0,0,0.326505,0
/rtabmap/odom_info,1780715178.254111767,0,0,0,0,0.326505,0
/rtabmap/odom_info,1780715178.449917555,0,0,0,0,0.322049,0
/rtabmap/odom_info_lite,1780715178.457567930,0,0,0,0,0.322049,0
/rtabmap/odom_info_lite,1780715178.678743601,0,0,0,0,0.319423,0
/rtabmap/odom_info,1780715178.679202080,0,0,0,0,0.319423,0
/rtabmap/odom_info_lite,1780715178.930418968,0,0,0,0,0.308374,0
/rtabmap/odom_info,1780715178.931815624,0,0,0,0,0.308374,0
/rtabmap/odom_info_lite,1780715179.090152264,0,0,0,0,0.313990,0
/rtabmap/odom_info,1780715179.090688229,0,0,0,0,0.313990,0
/rtabmap/odom_info_lite,1780715179.240379572,0,0,0,0,0.281523,0
/rtabmap/odom_info,1780715179.241443872,0,0,0,0,0.281523,0
/rtabmap/odom_info_lite,1780715179.446150303,0,0,0,0,0.325000,0
/rtabmap/odom_info,1780715179.447212458,0,0,0,0,0.325000,0
/rtabmap/odom_info_lite,1780715179.641865015,0,0,0,0,0.327590,0
/rtabmap/odom_info,1780715179.642882586,0,0,0,0,0.327590,0
/rtabmap/odom_info_lite,1780715179.919945240,0,0,0,0,0.322013,0
/rtabmap/odom_info,1780715179.920663118,0,0,0,0,0.322013,0
/rtabmap/odom_info_lite,1780715180.121087790,0,0,0,0,0.332121,0
/rtabmap/odom_info,1780715180.121706963,0,0,0,0,0.332121,0
/rtabmap/odom_info_lite,1780715180.294091463,0,0,0,0,0.352221,0
/rtabmap/odom_info,1780715180.294774055,0,0,0,0,0.352221,0
/rtabmap/odom_info_lite,1780715180.442290545,0,0,0,0,0.343327,0
/rtabmap/odom_info,1780715180.443685293,0,0,0,0,0.343327,0
/rtabmap/odom_info_lite,1780715180.621430874,0,0,0,0,0.329589,0
/rtabmap/odom_info,1780715180.621897936,0,0,0,0,0.329589,0
/rtabmap/odom_info_lite,1780715180.758798122,0,0,0,0,0.343962,0
/rtabmap/odom_info,1780715180.760010004,0,0,0,0,0.343962,0
/rtabmap/odom_info_lite,1780715180.982754230,0,0,0,0,0.328993,0
/rtabmap/odom_info,1780715180.983193636,0,0,0,0,0.328993,0
/rtabmap/odom_info_lite,1780715181.236241102,0,0,0,0,0.319785,0
/rtabmap/odom_info,1780715181.237441063,0,0,0,0,0.319785,0
/rtabmap/odom_info_lite,1780715181.427567244,0,0,0,0,0.319533,0
/rtabmap/odom_info,1780715181.428353786,0,0,0,0,0.319533,0
/rtabmap/odom_info_lite,1780715181.629567385,0,0,0,0,0.319027,0
/rtabmap/odom_info,1780715181.631990194,0,0,0,0,0.319027,0
/rtabmap/odom_info_lite,1780715181.794984818,0,0,0,0,0.313428,0
/rtabmap/odom_info,1780715181.795888901,0,0,0,0,0.313428,0
/rtabmap/odom_info_lite,1780715181.907782793,0,0,0,0,0.304258,0
/rtabmap/odom_info,1780715181.908494711,0,0,0,0,0.304258,0
/rtabmap/odom_info_lite,1780715182.110557318,0,0,0,0,0.308481,0
/rtabmap/odom_info,1780715182.111700296,0,0,0,0,0.308481,0
/rtabmap/odom_info_lite,1780715182.245020390,0,0,0,0,0.323756,0
/rtabmap/odom_info,1780715182.246595383,0,0,0,0,0.323756,0
/rtabmap/odom_info_lite,1780715182.454543352,0,0,0,0,0.312998,0
/rtabmap/odom_info,1780715182.458864212,0,0,0,0,0.312998,0
/rtabmap/odom_info_lite,1780715182.624980688,0,0,0,0,0.302899,0
/rtabmap/odom_info,1780715182.625607014,0,0,0,0,0.302899,0
/rtabmap/odom_info_lite,1780715182.786976814,0,0,0,0,0.316320,0
/rtabmap/odom_info,1780715182.787402391,0,0,0,0,0.316320,0
/rtabmap/odom_info_lite,1780715182.999617338,0,0,0,0,0.304646,0
/rtabmap/odom_info,1780715183.000412464,0,0,0,0,0.304646,0
/rtabmap/odom_info_lite,1780715183.202244759,0,0,0,0,0.299217,0
/rtabmap/odom_info,1780715183.203240633,0,0,0,0,0.299217,0
/rtabmap/odom_info_lite,1780715183.377194881,0,0,0,0,0.312953,0
/rtabmap/odom_info,1780715183.377709389,0,0,0,0,0.312953,0
/rtabmap/odom_info_lite,1780715183.497128248,0,0,0,0,0.287659,0
/rtabmap/odom_info,1780715183.497790098,0,0,0,0,0.287659,0
/rtabmap/odom_info_lite,1780715183.642781258,0,0,0,0,0.307773,0
/rtabmap/odom_info,1780715183.643849134,0,0,0,0,0.307773,0
/rtabmap/odom_info_lite,1780715183.775416374,0,0,0,0,0.336265,0
/rtabmap/odom_info,1780715183.776843786,0,0,0,0,0.336265,0
/rtabmap/odom_info_lite,1780715183.952592611,0,0,0,0,0.321341,0
/rtabmap/odom_info,1780715183.953497171,0,0,0,0,0.321341,0
/rtabmap/odom_info,1780715184.168558121,0,0,0,0,0.304075,0
/rtabmap/odom_info_lite,1780715184.170037031,0,0,0,0,0.304075,0
/rtabmap/odom_info_lite,1780715184.363667250,0,0,0,0,0.285356,0
/rtabmap/odom_info,1780715184.364624739,0,0,0,0,0.285356,0
/rtabmap/odom_info_lite,1780715184.592125893,0,0,0,0,0.288841,0
/rtabmap/odom_info,1780715184.592846394,0,0,0,0,0.288841,0
/rtabmap/odom_info_lite,1780715184.723510742,0,0,0,0,0.295742,0
/rtabmap/odom_info,1780715184.724545240,0,0,0,0,0.295742,0
/rtabmap/odom_info_lite,1780715184.874320030,0,0,0,0,0.293645,0
/rtabmap/odom_info,1780715184.876945734,0,0,0,0,0.293645,0
/rtabmap/odom_info_lite,1780715185.036901951,0,0,0,0,0.303367,0
/rtabmap/odom_info,1780715185.037639380,0,0,0,0,0.303367,0
/rtabmap/odom_info_lite,1780715185.264577389,0,0,0,0,0.280104,0
/rtabmap/odom_info,1780715185.265247345,0,0,0,0,0.280104,0
/rtabmap/odom_info_lite,1780715185.501358271,0,0,0,0,0.229683,0
/rtabmap/odom_info,1780715185.501953840,0,0,0,0,0.229683,0
/rtabmap/odom_info_lite,1780715185.692252636,0,0,0,0,0.293829,0
/rtabmap/odom_info,1780715185.692833900,0,0,0,0,0.293829,0
/rtabmap/odom_info_lite,1780715185.918859720,0,0,0,0,0.285530,0
/rtabmap/odom_info,1780715185.919705153,0,0,0,0,0.285530,0
/rtabmap/odom_info_lite,1780715186.106562614,0,0,0,0,0.330052,0
/rtabmap/odom_info,1780715186.107403994,0,0,0,0,0.330052,0
/rtabmap/odom_info_lite,1780715186.355712414,0,0,0,0,0.358262,0
/rtabmap/odom_info,1780715186.356355906,0,0,0,0,0.358262,0
/rtabmap/odom_info_lite,1780715186.571860552,0,0,0,0,0.348113,0
/rtabmap/odom_info,1780715186.572833300,0,0,0,0,0.348113,0
/rtabmap/odom_info_lite,1780715186.796360731,0,0,0,0,0.346564,0
/rtabmap/odom_info,1780715186.797017813,0,0,0,0,0.346564,0
/rtabmap/odom_info_lite,1780715187.052822590,0,0,0,0,0.423905,0
/rtabmap/odom_info,1780715187.053642035,0,0,0,0,0.423905,0
/rtabmap/odom_info_lite,1780715187.216740608,0,0,0,0,0.399797,0
/rtabmap/odom_info,1780715187.217531443,0,0,0,0,0.399797,0
/rtabmap/odom_info_lite,1780715187.407027721,0,0,0,0,0.407717,0
/rtabmap/odom_info,1780715187.408190250,0,0,0,0,0.407717,0
/rtabmap/odom_info,1780715187.621671438,0,0,0,0,0.394549,0
/rtabmap/odom_info_lite,1780715187.622340679,0,0,0,0,0.394549,0
/rtabmap/odom_info_lite,1780715187.807631016,0,0,0,0,0.411663,0
/rtabmap/odom_info,1780715187.809234619,0,0,0,0,0.411663,0
/rtabmap/odom_info_lite,1780715188.033898354,0,0,0,0,0.383908,0
/rtabmap/odom_info,1780715188.036066771,0,0,0,0,0.383908,0
/rtabmap/odom_info,1780715188.237712860,0,0,0,0,0.408886,0
/rtabmap/odom_info_lite,1780715188.238248587,0,0,0,0,0.408886,0
/rtabmap/odom_info_lite,1780715188.458931208,0,0,0,0,0.411189,0
/rtabmap/odom_info,1780715188.459334612,0,0,0,0,0.411189,0
/rtabmap/odom_info_lite,1780715188.690743208,0,0,0,0,0.420128,0
/rtabmap/odom_info,1780715188.691641808,0,0,0,0,0.420128,0
/rtabmap/odom_info_lite,1780715189.025994778,0,0,0,0,0.388128,0
/rtabmap/odom_info,1780715189.026392937,0,0,0,0,0.388128,0
/rtabmap/odom_info_lite,1780715189.213645458,0,0,0,0,0.409634,0
/rtabmap/odom_info,1780715189.214484930,0,0,0,0,0.409634,0
/rtabmap/odom_info_lite,1780715189.431462765,0,0,0,0,0.395451,0
/rtabmap/odom_info,1780715189.433206558,0,0,0,0,0.395451,0
/rtabmap/odom_info,1780715189.814936161,0,0,0,0,0.423218,0
/rtabmap/odom_info_lite,1780715189.818123817,0,0,0,0,0.423218,0
/rtabmap/odom_info_lite,1780715189.971449614,0,0,0,0,0.443515,0
/rtabmap/odom_info,1780715189.972890377,0,0,0,0,0.443515,0
/rtabmap/odom_info_lite,1780715190.166785955,0,0,0,0,0.438205,0
/rtabmap/odom_info,1780715190.167499065,0,0,0,0,0.438205,0
/rtabmap/odom_info_lite,1780715190.362298489,0,0,0,0,0.426244,0
/rtabmap/odom_info,1780715190.363714457,0,0,0,0,0.426244,0
/rtabmap/odom_info_lite,1780715190.585059404,0,0,0,0,0.446519,0
/rtabmap/odom_info,1780715190.585947752,0,0,0,0,0.446519,0
/rtabmap/odom_info_lite,1780715190.808652401,0,0,0,0,0.447770,0
/rtabmap/odom_info,1780715190.809927225,0,0,0,0,0.447770,0
/rtabmap/odom_info,1780715190.971278191,0,0,0,0,0.460702,0
/rtabmap/odom_info_lite,1780715190.971920967,0,0,0,0,0.460702,0
/rtabmap/odom_info_lite,1780715191.169707060,0,0,0,0,0.440793,0
/rtabmap/odom_info,1780715191.171344519,0,0,0,0,0.440793,0
/rtabmap/odom_info_lite,1780715191.370612860,0,0,0,0,0.432733,0
/rtabmap/odom_info,1780715191.371030331,0,0,0,0,0.432733,0
/rtabmap/odom_info_lite,1780715191.704319239,0,0,0,0,0.464488,0
/rtabmap/odom_info,1780715191.707306623,0,0,0,0,0.464488,0
/rtabmap/odom_info_lite,1780715191.930357933,0,0,0,0,0.463239,0
/rtabmap/odom_info,1780715191.932294607,0,0,0,0,0.463239,0
/rtabmap/odom_info_lite,1780715192.121071100,0,0,0,0,0.464232,0
/rtabmap/odom_info,1780715192.121670723,0,0,0,0,0.464232,0
/rtabmap/odom_info_lite,1780715192.313579321,0,0,0,0,0.467555,0
/rtabmap/odom_info,1780715192.314403534,0,0,0,0,0.467555,0
/rtabmap/odom_info_lite,1780715192.516108990,0,0,0,0,0.441117,0
/rtabmap/odom_info,1780715192.516912937,0,0,0,0,0.441117,0
/rtabmap/odom_info_lite,1780715192.752844572,0,0,0,0,0.415088,0
/rtabmap/odom_info,1780715192.757741928,0,0,0,0,0.415088,0
/rtabmap/odom_info_lite,1780715192.947845459,0,0,0,0,0.416901,0
/rtabmap/odom_info,1780715192.948563099,0,0,0,0,0.416901,0
/rtabmap/odom_info_lite,1780715193.131400108,0,0,0,0,0.407605,0
/rtabmap/odom_info,1780715193.132210493,0,0,0,0,0.407605,0
/rtabmap/odom_info_lite,1780715193.313655615,0,0,0,0,0.429942,0
/rtabmap/odom_info,1780715193.314230204,0,0,0,0,0.429942,0
/rtabmap/odom_info_lite,1780715193.479522467,0,0,0,0,0.404826,0
/rtabmap/odom_info,1780715193.480067968,0,0,0,0,0.404826,0
/rtabmap/odom_info_lite,1780715193.704837561,0,0,0,0,0.376471,0
/rtabmap/odom_info,1780715193.705345631,0,0,0,0,0.376471,0
/rtabmap/odom_info_lite,1780715193.971380472,0,0,0,0,0.357464,0
/rtabmap/odom_info,1780715193.972180605,0,0,0,0,0.357464,0
/rtabmap/odom_info_lite,1780715194.186968803,0,0,0,0,0.374959,0
/rtabmap/odom_info,1780715194.187551737,0,0,0,0,0.374959,0
/rtabmap/odom_info_lite,1780715194.376194715,0,0,0,0,0.357445,0
/rtabmap/odom_info,1780715194.376704216,0,0,0,0,0.357445,0
/rtabmap/odom_info_lite,1780715194.642816782,0,0,0,0,0.390947,0
/rtabmap/odom_info,1780715194.644000292,0,0,0,0,0.390947,0
/rtabmap/odom_info_lite,1780715194.893101931,0,0,0,0,0.390295,0
/rtabmap/odom_info,1780715194.894359350,0,0,0,0,0.390295,0
/rtabmap/odom_info_lite,1780715195.162121534,0,0,0,0,0.361827,0
/rtabmap/odom_info,1780715195.163275957,0,0,0,0,0.361827,0
/rtabmap/odom_info_lite,1780715195.381040096,0,0,0,0,0.400258,0
/rtabmap/odom_info,1780715195.382230043,0,0,0,0,0.400258,0
/rtabmap/odom_info_lite,1780715195.613955736,0,0,0,0,0.389682,0
/rtabmap/odom_info,1780715195.615320444,0,0,0,0,0.389682,0
/rtabmap/odom_info_lite,1780715195.827714920,0,0,0,0,0.381977,0
/rtabmap/odom_info,1780715195.828212261,0,0,0,0,0.381977,0
/rtabmap/odom_info_lite,1780715196.035987377,0,0,0,0,0.299262,0
/rtabmap/odom_info,1780715196.037537575,0,0,0,0,0.299262,0
/rtabmap/odom_info_lite,1780715196.257166862,0,0,0,0,0.341857,0
/rtabmap/odom_info,1780715196.257961988,0,0,0,0,0.341857,0
/rtabmap/odom_info_lite,1780715196.448265314,0,0,0,0,0.420609,0
/rtabmap/odom_info,1780715196.449354649,0,0,0,0,0.420609,0
/rtabmap/odom_info_lite,1780715196.636825800,0,0,0,0,0.437808,0
/rtabmap/odom_info,1780715196.637548685,0,0,0,0,0.437808,0
/rtabmap/odom_info_lite,1780715196.815618753,0,0,0,0,0.434649,0
/rtabmap/odom_info,1780715196.816193104,0,0,0,0,0.434649,0
/rtabmap/odom_info_lite,1780715197.001615763,0,0,0,0,0.430369,0
/rtabmap/odom_info,1780715197.002091408,0,0,0,0,0.430369,0
/rtabmap/odom_info_lite,1780715197.237545729,0,0,0,0,0.411078,0
/rtabmap/odom_info,1780715197.237951517,0,0,0,0,0.411078,0
/rtabmap/odom_info_lite,1780715197.490935087,0,0,0,0,0.324932,0
/rtabmap/odom_info,1780715197.491874218,0,0,0,0,0.324932,0
/rtabmap/odom_info_lite,1780715197.739990473,0,0,0,0,0.338505,0
/rtabmap/odom_info,1780715197.740704298,0,0,0,0,0.338505,0
/rtabmap/odom_info_lite,1780715197.998203754,0,0,0,0,0.327786,0
/rtabmap/odom_info,1780715197.998740196,0,0,0,0,0.327786,0
/rtabmap/odom_info_lite,1780715198.247932196,0,0,0,0,0.241498,0
/rtabmap/odom_info,1780715198.248507500,0,0,0,0,0.241498,0
/rtabmap/odom_info_lite,1780715198.425278664,0,0,0,0,0.430823,0
/rtabmap/odom_info,1780715198.425963402,0,0,0,0,0.430823,0
/rtabmap/odom_info_lite,1780715198.571230412,0,0,0,0,0.402134,0
/rtabmap/odom_info,1780715198.571913004,0,0,0,0,0.402134,0
/rtabmap/odom_info_lite,1780715198.742974281,0,0,0,0,0.404375,0
/rtabmap/odom_info,1780715198.743540049,0,0,0,0,0.404375,0
/rtabmap/odom_info_lite,1780715198.932371616,0,0,0,0,0.397052,0
/rtabmap/odom_info,1780715198.933220625,0,0,0,0,0.397052,0
/rtabmap/odom_info_lite,1780715199.177815676,0,0,0,0,0.378378,0
/rtabmap/odom_info,1780715199.178677082,0,0,0,0,0.378378,0
/rtabmap/odom_info_lite,1780715199.408082008,0,0,0,0,0.379682,0
/rtabmap/odom_info,1780715199.408816338,0,0,0,0,0.379682,0
/rtabmap/odom_info_lite,1780715199.661452293,0,0,0,0,0.390001,0
/rtabmap/odom_info,1780715199.662069559,0,0,0,0,0.390001,0
/rtabmap/odom_info_lite,1780715199.946348906,0,0,0,0,0.382997,0
/rtabmap/odom_info,1780715199.946791649,0,0,0,0,0.382997,0
/rtabmap/odom_info_lite,1780715200.237220526,0,0,0,0,0.375483,0
/rtabmap/odom_info,1780715200.238426447,0,0,0,0,0.375483,0
/rtabmap/odom_info_lite,1780715200.465277910,0,0,0,0,0.392891,0
/rtabmap/odom_info,1780715200.466181278,0,0,0,0,0.392891,0
/rtabmap/odom_info_lite,1780715200.676576138,0,0,0,0,0.381836,0
/rtabmap/odom_info,1780715200.678850651,0,0,0,0,0.381836,0
/rtabmap/odom_info_lite,1780715200.893605709,0,0,0,0,0.396693,0
/rtabmap/odom_info,1780715200.894155025,0,0,0,0,0.396693,0
/rtabmap/odom_info_lite,1780715201.182507277,0,0,0,0,0.380921,0
/rtabmap/odom_info,1780715201.183390617,0,0,0,0,0.380921,0
/rtabmap/odom_info_lite,1780715201.446346521,0,0,0,0,0.384733,0
/rtabmap/odom_info,1780715201.447472572,0,0,0,0,0.384733,0
/rtabmap/odom_info,1780715201.782459974,0,0,0,0,0.353980,0
/rtabmap/odom_info_lite,1780715201.783834934,0,0,0,0,0.353980,0
/rtabmap/odom_info_lite,1780715202.146621466,0,0,0,0,0.347100,0
/rtabmap/odom_info,1780715202.147748232,0,0,0,0,0.347100,0
/rtabmap/odom_info_lite,1780715202.450867414,0,0,0,0,0.380575,0
/rtabmap/odom_info,1780715202.453747034,0,0,0,0,0.380575,0
/rtabmap/odom_info_lite,1780715202.735425472,0,0,0,0,0.392303,0
/rtabmap/odom_info,1780715202.736076117,0,0,0,0,0.392303,0
/rtabmap/odom_info_lite,1780715203.010676146,0,0,0,0,0.365859,0
/rtabmap/odom_info,1780715203.011316061,0,0,0,0,0.365859,0
/rtabmap/odom_info_lite,1780715203.325920582,0,0,0,0,0.373052,0
/rtabmap/odom_info,1780715203.326856136,0,0,0,0,0.373052,0
/rtabmap/odom_info_lite,1780715203.593954325,0,0,0,0,0.349583,0
/rtabmap/odom_info,1780715203.598439932,0,0,0,0,0.349583,0
/rtabmap/odom_info_lite,1780715203.853023767,0,0,0,0,0.366474,0
/rtabmap/odom_info,1780715203.855746269,0,0,0,0,0.366474,0
/rtabmap/odom_info_lite,1780715204.108132601,0,0,0,0,0.370769,0
/rtabmap/odom_info,1780715204.110230446,0,0,0,0,0.370769,0
/rtabmap/odom_info_lite,1780715204.359714746,0,0,0,0,0.351411,0
/rtabmap/odom_info,1780715204.363291264,0,0,0,0,0.351411,0
/rtabmap/odom_info_lite,1780715204.666491747,0,0,0,0,0.336599,0
/rtabmap/odom_info,1780715204.667930126,0,0,0,0,0.336599,0
/rtabmap/odom_info,1780715204.912869215,0,0,0,0,0.330405,0
/rtabmap/odom_info_lite,1780715204.914134264,0,0,0,0,0.330405,0
/rtabmap/odom_info_lite,1780715205.200378180,0,0,0,0,0.337554,0
/rtabmap/odom_info,1780715205.202105284,0,0,0,0,0.337554,0
/rtabmap/odom_info_lite,1780715205.497634888,0,0,0,0,0.324225,0
/rtabmap/odom_info,1780715205.499453545,0,0,0,0,0.324225,0
/rtabmap/odom_info_lite,1780715205.800500631,0,0,0,0,0.351741,0
/rtabmap/odom_info,1780715205.801238537,0,0,0,0,0.351741,0
/rtabmap/odom_info_lite,1780715206.167087317,0,0,0,0,0.350611,0
/rtabmap/odom_info,1780715206.167729616,0,0,0,0,0.350611,0
/rtabmap/odom_info_lite,1780715206.600665092,0,0,0,0,0.329711,0
/rtabmap/odom_info,1780715206.601813316,0,0,0,0,0.329711,0
/rtabmap/odom_info_lite,1780715206.832836151,0,0,0,0,0.285637,0
/rtabmap/odom_info,1780715206.833398104,0,0,0,0,0.285637,0
/rtabmap/odom_info_lite,1780715207.068672895,0,0,0,0,0.264092,0
/rtabmap/odom_info,1780715207.069984913,0,0,0,0,0.264092,0
/rtabmap/odom_info_lite,1780715207.267530918,0,0,0,0,0.306031,0
/rtabmap/odom_info,1780715207.269165516,0,0,0,0,0.306031,0
/rtabmap/odom_info_lite,1780715207.689383745,0,0,0,0,0.265360,0
/rtabmap/odom_info,1780715207.689980268,0,0,0,0,0.265360,0
/rtabmap/odom_info_lite,1780715207.938022614,0,0,0,0,0.281424,0
/rtabmap/odom_info,1780715207.938924551,0,0,0,0,0.281424,0
/rtabmap/odom_info_lite,1780715208.139431000,0,0,0,0,0.325016,0
/rtabmap/odom_info,1780715208.140817165,0,0,0,0,0.325016,0
/rtabmap/odom_info_lite,1780715208.366040945,0,0,0,0,0.354756,0
/rtabmap/odom_info,1780715208.366790533,0,0,0,0,0.354756,0
/rtabmap/odom_info_lite,1780715208.645934343,0,0,0,0,0.362920,0
/rtabmap/odom_info,1780715208.646756887,0,0,0,0,0.362920,0
/rtabmap/odom_info_lite,1780715208.949600458,0,0,0,0,0.369195,0
/rtabmap/odom_info,1780715208.950711012,0,0,0,0,0.369195,0
/rtabmap/odom_info_lite,1780715209.374963284,0,0,0,0,0.352148,0
/rtabmap/odom_info,1780715209.376355410,0,0,0,0,0.352148,0
/rtabmap/odom_info_lite,1780715209.667107344,0,0,0,0,0.264866,0
/rtabmap/odom_info,1780715209.669010401,0,0,0,0,0.264866,0
/rtabmap/odom_info,1780715210.010012627,0,0,0,0,0.448439,0
/rtabmap/odom_info_lite,1780715210.014914274,0,0,0,0,0.448439,0
/rtabmap/odom_info_lite,1780715210.294205666,0,0,0,0,0.390646,0
/rtabmap/odom_info,1780715210.295282602,0,0,0,0,0.390646,0
/rtabmap/odom_info_lite,1780715210.531558752,0,0,0,0,0.377554,0
/rtabmap/odom_info,1780715210.533526897,0,0,0,0,0.377554,0
/rtabmap/odom_info_lite,1780715210.841855764,0,0,0,0,0.339010,0
/rtabmap/odom_info,1780715210.843204498,0,0,0,0,0.339010,0
/rtabmap/odom_info,1780715211.180419207,0,0,0,0,0.308914,0
/rtabmap/odom_info_lite,1780715211.181427479,0,0,0,0,0.308914,0
/rtabmap/odom_info_lite,1780715211.359090090,0,0,0,0,0.332193,0
/rtabmap/odom_info,1780715211.361443281,0,0,0,0,0.332193,0
/rtabmap/odom_info_lite,1780715211.550521851,0,0,0,0,0.330717,0
/rtabmap/odom_info,1780715211.551276684,0,0,0,0,0.330717,0
/rtabmap/odom_info_lite,1780715211.725081205,0,0,0,0,0.314791,0
/rtabmap/odom_info,1780715211.726024866,0,0,0,0,0.314791,0
/rtabmap/odom_info_lite,1780715211.920610905,0,0,0,0,0.302212,0
/rtabmap/odom_info,1780715211.921758175,0,0,0,0,0.302212,0
/rtabmap/odom_info,1780715212.111495495,0,0,0,0,0.252510,0
/rtabmap/odom_info_lite,1780715212.112141848,0,0,0,0,0.252510,0
/rtabmap/odom_info_lite,1780715212.316565275,0,0,0,0,0.280832,0
/rtabmap/odom_info,1780715212.317524672,0,0,0,0,0.280832,0
/rtabmap/odom_info_lite,1780715212.518098354,0,0,0,0,0.264895,0
/rtabmap/odom_info,1780715212.518823385,0,0,0,0,0.264895,0
/rtabmap/odom_info_lite,1780715212.694138050,0,0,0,0,0.268702,0
/rtabmap/odom_info,1780715212.694916964,0,0,0,0,0.268702,0
/rtabmap/odom_info_lite,1780715212.850214243,0,0,0,0,0.325399,0
/rtabmap/odom_info,1780715212.851343155,0,0,0,0,0.325399,0
/rtabmap/odom_info_lite,1780715213.053911924,0,0,0,0,0.321639,0
/rtabmap/odom_info,1780715213.055498838,0,0,0,0,0.321639,0
/rtabmap/odom_info_lite,1780715213.233564377,0,0,0,0,0.310945,0
/rtabmap/odom_info,1780715213.234130383,0,0,0,0,0.310945,0
/rtabmap/odom_info_lite,1780715213.426071882,0,0,0,0,0.294903,0
/rtabmap/odom_info,1780715213.426684618,0,0,0,0,0.294903,0
/rtabmap/odom_info_lite,1780715213.605247021,0,0,0,0,0.312601,0
/rtabmap/odom_info,1780715213.605929852,0,0,0,0,0.312601,0
/rtabmap/odom_info_lite,1780715213.766785622,0,0,0,0,0.333836,0
/rtabmap/odom_info,1780715213.767719984,0,0,0,0,0.333836,0
/rtabmap/odom_info_lite,1780715213.939275742,0,0,0,0,0.336833,0
/rtabmap/odom_info,1780715213.939697027,0,0,0,0,0.336833,0
/rtabmap/odom_info_lite,1780715214.155570745,0,0,0,0,0.324658,0
/rtabmap/odom_info,1780715214.156278610,0,0,0,0,0.324658,0
/rtabmap/odom_info_lite,1780715214.446600914,0,0,0,0,0.329535,0
/rtabmap/odom_info,1780715214.447271585,0,0,0,0,0.329535,0
/rtabmap/odom_info_lite,1780715214.725437880,0,0,0,0,0.338482,0
/rtabmap/odom_info,1780715214.733504772,0,0,0,0,0.338482,0
/rtabmap/odom_info_lite,1780715214.989079475,0,0,0,0,0.305490,0
/rtabmap/odom_info,1780715214.991084337,0,0,0,0,0.305490,0
/rtabmap/odom_info_lite,1780715215.212427378,0,0,0,0,0.288740,0
/rtabmap/odom_info,1780715215.213050127,0,0,0,0,0.288740,0
/rtabmap/odom_info_lite,1780715215.382242680,0,0,0,0,0.295793,0
/rtabmap/odom_info,1780715215.384120464,0,0,0,0,0.295793,0
/rtabmap/odom_info_lite,1780715215.550897121,0,0,0,0,0.273081,0
/rtabmap/odom_info,1780715215.551636934,0,0,0,0,0.273081,0
/rtabmap/odom_info_lite,1780715215.728081942,0,0,0,0,0.271778,0
/rtabmap/odom_info,1780715215.729070425,0,0,0,0,0.271778,0
/rtabmap/odom_info,1780715215.926291466,0,0,0,0,0.227932,0
/rtabmap/odom_info_lite,1780715215.929067135,0,0,0,0,0.227932,0
/rtabmap/odom_info_lite,1780715216.095842361,0,0,0,0,0.278650,0
/rtabmap/odom_info,1780715216.097456217,0,0,0,0,0.278650,0
/rtabmap/odom_info_lite,1780715216.265019417,0,0,0,0,0.289124,0
/rtabmap/odom_info,1780715216.266109228,0,0,0,0,0.289124,0
/rtabmap/odom_info_lite,1780715216.399626017,0,0,0,0,0.285660,0
/rtabmap/odom_info,1780715216.400511265,0,0,0,0,0.285660,0
/rtabmap/odom_info_lite,1780715216.515122175,0,0,0,0,0.236832,0
/rtabmap/odom_info,1780715216.515969038,0,0,0,0,0.236832,0
/rtabmap/odom_info_lite,1780715216.633769035,0,0,0,0,0.255136,0
/rtabmap/odom_info,1780715216.634768248,0,0,0,0,0.255136,0
/rtabmap/odom_info_lite,1780715216.842374563,0,0,0,0,0.244287,0
/rtabmap/odom_info,1780715216.843399048,0,0,0,0,0.244287,0
/rtabmap/odom_info_lite,1780715217.073124647,0,0,0,0,0.256938,0
/rtabmap/odom_info,1780715217.074258804,0,0,0,0,0.256938,0
/rtabmap/odom_info_lite,1780715217.246542931,0,0,0,0,0.269699,0
/rtabmap/odom_info,1780715217.247514725,0,0,0,0,0.269699,0
/rtabmap/odom_info_lite,1780715217.461275339,0,0,0,0,0.228892,0
/rtabmap/odom_info,1780715217.461772442,0,0,0,0,0.228892,0
/rtabmap/odom_info_lite,1780715217.635937929,0,0,0,0,0.264540,0
/rtabmap/odom_info,1780715217.636844873,0,0,0,0,0.264540,0
/rtabmap/odom_info_lite,1780715217.810405016,0,0,0,0,0.271172,0
/rtabmap/odom_info,1780715217.811045885,0,0,0,0,0.271172,0
/rtabmap/odom_info_lite,1780715217.911543608,0,0,0,0,0.279252,0
/rtabmap/odom_info,1780715217.912409544,0,0,0,0,0.279252,0
/rtabmap/odom_info_lite,1780715218.110155344,0,0,0,0,0.293544,0
/rtabmap/odom_info,1780715218.110875607,0,0,0,0,0.293544,0
/rtabmap/odom_info_lite,1780715218.314631939,0,0,0,0,0.351218,0
/rtabmap/odom_info,1780715218.315275431,0,0,0,0,0.351218,0
/rtabmap/odom_info_lite,1780715218.446386576,0,0,0,0,0.366197,0
/rtabmap/odom_info,1780715218.447011471,0,0,0,0,0.366197,0
/rtabmap/odom_info_lite,1780715218.554006815,0,0,0,0,0.376636,0
/rtabmap/odom_info,1780715218.554914474,0,0,0,0,0.376636,0
/rtabmap/odom_info_lite,1780715218.693103313,0,0,0,0,0.375937,0
/rtabmap/odom_info,1780715218.693527699,0,0,0,0,0.375937,0
/rtabmap/odom_info_lite,1780715218.942485332,0,0,0,0,0.374923,0
/rtabmap/odom_info,1780715218.943561316,0,0,0,0,0.374923,0
/rtabmap/odom_info_lite,1780715219.119455338,0,0,0,0,0.375961,0
/rtabmap/odom_info,1780715219.120444536,0,0,0,0,0.375961,0
/rtabmap/odom_info_lite,1780715219.239596128,0,0,0,0,0.375994,0
/rtabmap/odom_info,1780715219.240154266,0,0,0,0,0.375994,0
/rtabmap/odom_info_lite,1780715219.421418667,0,0,0,0,0.371521,0
/rtabmap/odom_info,1780715219.421856165,0,0,0,0,0.371521,0
/rtabmap/odom_info_lite,1780715219.656718016,0,0,0,0,0.367089,0
/rtabmap/odom_info,1780715219.657262564,0,0,0,0,0.367089,0
/rtabmap/odom_info_lite,1780715219.790240049,0,0,0,0,0.374647,0
/rtabmap/odom_info,1780715219.790566683,0,0,0,0,0.374647,0
/rtabmap/odom_info_lite,1780715219.981398821,0,0,0,0,0.372519,0
/rtabmap/odom_info,1780715219.982023001,0,0,0,0,0.372519,0
/rtabmap/odom_info_lite,1780715220.107947111,0,0,0,0,0.350880,0
/rtabmap/odom_info,1780715220.108784914,0,0,0,0,0.350880,0
/rtabmap/odom_info_lite,1780715220.263755798,0,0,0,0,0.321345,0
/rtabmap/odom_info,1780715220.264508963,0,0,0,0,0.321345,0
/rtabmap/odom_info_lite,1780715220.403366566,0,0,0,0,0.326923,0
/rtabmap/odom_info,1780715220.404328823,0,0,0,0,0.326923,0
/rtabmap/odom_info_lite,1780715220.563648939,0,0,0,0,0.334101,0
/rtabmap/odom_info,1780715220.564345121,0,0,0,0,0.334101,0
/rtabmap/odom_info_lite,1780715220.705986738,0,0,0,0,0.346725,0
/rtabmap/odom_info,1780715220.706995010,0,0,0,0,0.346725,0
/rtabmap/odom_info_lite,1780715220.898115396,0,0,0,0,0.341679,0
/rtabmap/odom_info,1780715220.899450302,0,0,0,0,0.341679,0
/rtabmap/odom_info_lite,1780715221.111089230,0,0,0,0,0.379984,0
/rtabmap/odom_info,1780715221.111745596,0,0,0,0,0.379984,0
/rtabmap/odom_info_lite,1780715221.387319565,0,0,0,0,0.427098,0
/rtabmap/odom_info,1780715221.388535261,0,0,0,0,0.427098,0
/rtabmap/odom_info_lite,1780715221.644950628,0,0,0,0,0.339065,0
/rtabmap/odom_info,1780715221.645562172,0,0,0,0,0.339065,0
/rtabmap/odom_info,1780715221.872684717,0,0,0,0,0.404628,0
/rtabmap/odom_info_lite,1780715221.874054432,0,0,0,0,0.404628,0
/rtabmap/odom_info_lite,1780715222.141957283,0,0,0,0,0.515956,0
/rtabmap/odom_info,1780715222.143103600,0,0,0,0,0.515956,0
/rtabmap/odom_info_lite,1780715222.402560472,0,0,0,0,0.522094,0
/rtabmap/odom_info,1780715222.403633118,0,0,0,0,0.522094,0
/rtabmap/odom_info_lite,1780715222.675553560,0,0,0,0,0.460289,0
/rtabmap/odom_info,1780715222.676050186,0,0,0,0,0.460289,0
/rtabmap/odom_info_lite,1780715222.930024624,0,0,0,0,0.447091,0
/rtabmap/odom_info,1780715222.935514212,0,0,0,0,0.447091,0
/rtabmap/odom_info_lite,1780715223.196045637,0,0,0,0,0.522890,0
/rtabmap/odom_info,1780715223.196731806,0,0,0,0,0.522890,0
/rtabmap/odom_info_lite,1780715223.446887970,0,0,0,0,0.501300,0
/rtabmap/odom_info,1780715223.448557615,0,0,0,0,0.501300,0
/rtabmap/odom_info_lite,1780715223.710643291,0,0,0,0,0.485997,0
/rtabmap/odom_info,1780715223.711828232,0,0,0,0,0.485997,0
/rtabmap/odom_info_lite,1780715223.967041254,0,0,0,0,0.514119,0
/rtabmap/odom_info,1780715223.968002319,0,0,0,0,0.514119,0
/rtabmap/odom_info_lite,1780715224.344169855,0,0,0,0,0.543125,0
/rtabmap/odom_info,1780715224.346050739,0,0,0,0,0.543125,0
/rtabmap/odom_info_lite,1780715224.671007156,0,0,0,0,0.535651,0
/rtabmap/odom_info,1780715224.671919107,0,0,0,0,0.535651,0
/rtabmap/odom_info_lite,1780715224.910077333,0,0,0,0,0.512483,0
/rtabmap/odom_info,1780715224.910953283,0,0,0,0,0.512483,0
/rtabmap/odom_info_lite,1780715225.225226402,0,0,0,0,0.476463,0
/rtabmap/odom_info,1780715225.226756811,0,0,0,0,0.476463,0
/rtabmap/odom_info,1780715225.488784075,0,0,0,0,0.466093,0
/rtabmap/odom_info_lite,1780715225.491185665,0,0,0,0,0.466093,0
/rtabmap/odom_info_lite,1780715225.721887112,0,0,0,0,0.461047,0
/rtabmap/odom_info,1780715225.723196745,0,0,0,0,0.461047,0
/rtabmap/odom_info_lite,1780715225.949758530,0,0,0,0,0.432211,0
/rtabmap/odom_info,1780715225.950551033,0,0,0,0,0.432211,0
/rtabmap/odom_info_lite,1780715226.154035330,0,0,0,0,0.444119,0
/rtabmap/odom_info,1780715226.154610395,0,0,0,0,0.444119,0
/rtabmap/odom_info_lite,1780715226.492340088,0,0,0,0,0.447022,0
/rtabmap/odom_info,1780715226.492973089,0,0,0,0,0.447022,0
/rtabmap/odom_info_lite,1780715226.753057241,0,0,0,0,0.425449,0
/rtabmap/odom_info,1780715226.753589392,0,0,0,0,0.425449,0
/rtabmap/odom_info_lite,1780715227.010891438,0,0,0,0,0.350070,0
/rtabmap/odom_info,1780715227.012350321,0,0,0,0,0.350070,0
/rtabmap/odom_info_lite,1780715227.156933546,0,0,0,0,0.448248,0
/rtabmap/odom_info,1780715227.157429695,0,0,0,0,0.448248,0
/rtabmap/odom_info_lite,1780715227.380292892,0,0,0,0,0.478121,0
/rtabmap/odom_info,1780715227.381479740,0,0,0,0,0.478121,0
/rtabmap/odom_info_lite,1780715227.611299515,0,0,0,0,0.440733,0
/rtabmap/odom_info,1780715227.611872435,0,0,0,0,0.440733,0
/rtabmap/odom_info_lite,1780715227.890141487,0,0,0,0,0.399146,0
/rtabmap/odom_info,1780715227.895424128,0,0,0,0,0.399146,0
/rtabmap/odom_info,1780715228.307089090,0,0,0,0,0.360916,0
/rtabmap/odom_info_lite,1780715228.309857607,0,0,0,0,0.360916,0
/rtabmap/odom_info_lite,1780715228.554377079,0,0,0,0,0.364956,0
/rtabmap/odom_info,1780715228.555277586,0,0,0,0,0.364956,0
/rtabmap/odom_info_lite,1780715228.785003662,0,0,0,0,0.338397,0
/rtabmap/odom_info,1780715228.786129713,0,0,0,0,0.338397,0
/rtabmap/odom_info_lite,1780715229.042938471,0,0,0,0,0.361719,0
/rtabmap/odom_info,1780715229.043684244,0,0,0,0,0.361719,0
/rtabmap/odom_info_lite,1780715229.329844952,0,0,0,0,0.362969,0
/rtabmap/odom_info,1780715229.331573248,0,0,0,0,0.362969,0
/rtabmap/odom_info_lite,1780715229.574597120,0,0,0,0,0.303096,0
/rtabmap/odom_info,1780715229.575624466,0,0,0,0,0.303096,0
/rtabmap/odom_info_lite,1780715229.819848537,0,0,0,0,0.338641,0
/rtabmap/odom_info,1780715229.820683718,0,0,0,0,0.338641,0
/rtabmap/odom_info_lite,1780715230.086753130,0,0,0,0,0.339938,0
/rtabmap/odom_info,1780715230.087261915,0,0,0,0,0.339938,0
/rtabmap/odom_info_lite,1780715230.318947554,0,0,0,0,0.353890,0
/rtabmap/odom_info,1780715230.319897413,0,0,0,0,0.353890,0
/rtabmap/odom_info_lite,1780715230.556385994,0,0,0,0,0.349890,0
/rtabmap/odom_info,1780715230.556950331,0,0,0,0,0.349890,0
/rtabmap/odom_info_lite,1780715230.759094477,0,0,0,0,0.337460,0
/rtabmap/odom_info,1780715230.761708498,0,0,0,0,0.337460,0
/rtabmap/odom_info_lite,1780715230.970699072,0,0,0,0,0.352051,0
/rtabmap/odom_info,1780715230.971163034,0,0,0,0,0.352051,0
/rtabmap/odom_info_lite,1780715231.256677389,0,0,0,0,0.326631,0
/rtabmap/odom_info,1780715231.258818388,0,0,0,0,0.326631,0
/rtabmap/odom_info_lite,1780715231.536178112,0,0,0,0,0.337523,0
/rtabmap/odom_info,1780715231.538207054,0,0,0,0,0.337523,0
/rtabmap/odom_info_lite,1780715231.782738209,0,0,0,0,0.320803,0
/rtabmap/odom_info,1780715231.783735037,0,0,0,0,0.320803,0
/rtabmap/odom_info_lite,1780715231.970047951,0,0,0,0,0.330482,0
/rtabmap/odom_info,1780715231.970826149,0,0,0,0,0.330482,0
/rtabmap/odom_info_lite,1780715232.156795502,0,0,0,0,0.300858,0
/rtabmap/odom_info,1780715232.157328844,0,0,0,0,0.300858,0
/rtabmap/odom_info_lite,1780715232.326275349,0,0,0,0,0.318370,0
/rtabmap/odom_info,1780715232.327111483,0,0,0,0,0.318370,0
/rtabmap/odom_info_lite,1780715232.538321018,0,0,0,0,0.323857,0
/rtabmap/odom_info,1780715232.540040970,0,0,0,0,0.323857,0
/rtabmap/odom_info_lite,1780715232.742596388,0,0,0,0,0.298395,0
/rtabmap/odom_info,1780715232.743438721,0,0,0,0,0.298395,0
/rtabmap/odom_info_lite,1780715232.940016508,0,0,0,0,0.322431,0
/rtabmap/odom_info,1780715232.941193104,0,0,0,0,0.322431,0
/rtabmap/odom_info_lite,1780715233.073797464,0,0,0,0,0.342208,0
/rtabmap/odom_info,1780715233.074430943,0,0,0,0,0.342208,0
/rtabmap/odom_info_lite,1780715233.252031565,0,0,0,0,0.337766,0
/rtabmap/odom_info,1780715233.252785206,0,0,0,0,0.337766,0
/rtabmap/odom_info_lite,1780715233.397421598,0,0,0,0,0.303294,0
/rtabmap/odom_info,1780715233.398719311,0,0,0,0,0.303294,0
/rtabmap/odom_info_lite,1780715233.528617859,0,0,0,0,0.335119,0
/rtabmap/odom_info,1780715233.529135466,0,0,0,0,0.335119,0
/rtabmap/odom_info_lite,1780715233.730425119,0,0,0,0,0.307388,0
/rtabmap/odom_info,1780715233.731000423,0,0,0,0,0.307388,0
/rtabmap/odom_info_lite,1780715233.925310612,0,0,0,0,0.333333,0
/rtabmap/odom_info,1780715233.926348448,0,0,0,0,0.333333,0
/rtabmap/odom_info_lite,1780715234.075727224,0,0,0,0,0.332323,0
/rtabmap/odom_info,1780715234.076717854,0,0,0,0,0.332323,0
/rtabmap/odom_info_lite,1780715234.220676422,0,0,0,0,0.341828,0
/rtabmap/odom_info,1780715234.221128464,0,0,0,0,0.341828,0
/rtabmap/odom_info_lite,1780715234.352349043,0,0,0,0,0.359029,0
/rtabmap/odom_info,1780715234.352892637,0,0,0,0,0.359029,0
/rtabmap/odom_info_lite,1780715234.561812162,0,0,0,0,0.334129,0
/rtabmap/odom_info,1780715234.562252998,0,0,0,0,0.334129,0
/rtabmap/odom_info_lite,1780715234.757053852,0,0,0,0,0.364321,0
/rtabmap/odom_info,1780715234.757553816,0,0,0,0,0.364321,0
/rtabmap/odom_info_lite,1780715234.991016388,0,0,0,0,0.376122,0
/rtabmap/odom_info,1780715234.993728399,0,0,0,0,0.376122,0
/rtabmap/odom_info,1780715235.174965858,0,0,0,0,0.407670,0
/rtabmap/odom_info_lite,1780715235.176476240,0,0,0,0,0.407670,0
/rtabmap/odom_info_lite,1780715235.321263790,0,0,0,0,0.388998,0
/rtabmap/odom_info,1780715235.321947575,0,0,0,0,0.388998,0
/rtabmap/odom_info_lite,1780715235.527781010,0,0,0,0,0.402805,0
/rtabmap/odom_info,1780715235.528455019,0,0,0,0,0.402805,0
/rtabmap/odom_info_lite,1780715235.672972202,0,0,0,0,0.384795,0
/rtabmap/odom_info,1780715235.674024582,0,0,0,0,0.384795,0
/rtabmap/odom_info_lite,1780715235.862565041,0,0,0,0,0.377760,0
/rtabmap/odom_info,1780715235.864078522,0,0,0,0,0.377760,0
/rtabmap/odom_info_lite,1780715236.074725389,0,0,0,0,0.404910,0
/rtabmap/odom_info,1780715236.075598001,0,0,0,0,0.404910,0
/rtabmap/odom_info_lite,1780715236.231302738,0,0,0,0,0.411314,0
/rtabmap/odom_info,1780715236.232805967,0,0,0,0,0.411314,0
/rtabmap/odom_info_lite,1780715236.361543894,0,0,0,0,0.408656,0
/rtabmap/odom_info,1780715236.362307072,0,0,0,0,0.408656,0
/rtabmap/odom_info_lite,1780715236.556637287,0,0,0,0,0.326261,0
/rtabmap/odom_info,1780715236.557860374,0,0,0,0,0.326261,0
/rtabmap/odom_info_lite,1780715236.697108984,0,0,0,0,0.310090,0
/rtabmap/odom_info,1780715236.697760344,0,0,0,0,0.310090,0
/rtabmap/odom_info_lite,1780715236.847536087,0,0,0,0,0.286965,0
/rtabmap/odom_info,1780715236.848465204,0,0,0,0,0.286965,0
/rtabmap/odom_info_lite,1780715236.977915525,0,0,0,0,0.360368,0
/rtabmap/odom_info,1780715236.978460312,0,0,0,0,0.360368,0
/rtabmap/odom_info_lite,1780715237.137456656,0,0,0,0,0.349864,0
/rtabmap/odom_info,1780715237.138266802,0,0,0,0,0.349864,0
/rtabmap/odom_info_lite,1780715237.290248156,0,0,0,0,0.358038,0
/rtabmap/odom_info,1780715237.290891886,0,0,0,0,0.358038,0
/rtabmap/odom_info_lite,1780715237.430717707,0,0,0,0,0.334163,0
/rtabmap/odom_info,1780715237.431729078,0,0,0,0,0.334163,0
/rtabmap/odom_info_lite,1780715237.681537390,0,0,0,0,0.293777,0
/rtabmap/odom_info,1780715237.682182312,0,0,0,0,0.293777,0
/rtabmap/odom_info_lite,1780715237.860105515,0,0,0,0,0.351914,0
/rtabmap/odom_info,1780715237.860854626,0,0,0,0,0.351914,0
/rtabmap/odom_info_lite,1780715238.130721807,0,0,0,0,0.328670,0
/rtabmap/odom_info,1780715238.131640434,0,0,0,0,0.328670,0
/rtabmap/odom_info_lite,1780715238.350547075,0,0,0,0,0.341334,0
/rtabmap/odom_info,1780715238.351065874,0,0,0,0,0.341334,0
/rtabmap/odom_info_lite,1780715238.560923576,0,0,0,0,0.326188,0
/rtabmap/odom_info,1780715238.561420918,0,0,0,0,0.326188,0
/rtabmap/odom_info_lite,1780715238.785655737,0,0,0,0,0.315380,0
/rtabmap/odom_info,1780715238.786211491,0,0,0,0,0.315380,0
/rtabmap/odom_info_lite,1780715239.123736858,0,0,0,0,0.354625,0
/rtabmap/odom_info,1780715239.124179840,0,0,0,0,0.354625,0
/rtabmap/odom_info_lite,1780715239.334103584,0,0,0,0,0.369642,0
/rtabmap/odom_info,1780715239.334778309,0,0,0,0,0.369642,0
/rtabmap/odom_info_lite,1780715239.608844280,0,0,0,0,0.373186,0
/rtabmap/odom_info,1780715239.609672785,0,0,0,0,0.373186,0
/rtabmap/odom_info,1780715239.900070429,0,0,0,0,0.416765,0
/rtabmap/odom_info_lite,1780715239.903862238,0,0,0,0,0.416765,0
/rtabmap/odom_info_lite,1780715240.178432941,0,0,0,0,0.415490,0
/rtabmap/odom_info,1780715240.179197550,0,0,0,0,0.415490,0
/rtabmap/odom_info,1780715240.444412947,0,0,0,0,0.403737,0
/rtabmap/odom_info_lite,1780715240.446529150,0,0,0,0,0.403737,0
/rtabmap/odom_info_lite,1780715240.739367723,0,0,0,0,0.445052,0
/rtabmap/odom_info,1780715240.743914127,0,0,0,0,0.445052,0
/rtabmap/odom_info_lite,1780715241.056269646,0,0,0,0,0.429820,0
/rtabmap/odom_info,1780715241.061159372,0,0,0,0,0.429820,0
/rtabmap/odom_info_lite,1780715241.378726482,0,0,0,0,0.388413,0
/rtabmap/odom_info,1780715241.381413221,0,0,0,0,0.388413,0
/rtabmap/odom_info_lite,1780715241.682844639,0,0,0,0,0.445782,0
/rtabmap/odom_info,1780715241.684628963,0,0,0,0,0.445782,0
/rtabmap/odom_info_lite,1780715242.044076681,0,0,0,0,0.473085,0
/rtabmap/odom_info,1780715242.046226740,0,0,0,0,0.473085,0
/rtabmap/odom_info_lite,1780715242.439905643,0,0,0,0,0.460742,0
/rtabmap/odom_info,1780715242.441967249,0,0,0,0,0.460742,0
/rtabmap/odom_info_lite,1780715242.723795652,0,0,0,0,0.468206,0
/rtabmap/odom_info,1780715242.725969791,0,0,0,0,0.468206,0
/rtabmap/odom_info_lite,1780715243.023955345,0,0,0,0,0.470168,0
/rtabmap/odom_info,1780715243.025929689,0,0,0,0,0.470168,0
/rtabmap/odom_info_lite,1780715243.360989332,0,0,0,0,0.474577,0
/rtabmap/odom_info,1780715243.363057375,0,0,0,0,0.474577,0
/rtabmap/odom_info_lite,1780715243.783568859,0,0,0,0,0.472134,0
/rtabmap/odom_info,1780715243.786568165,0,0,0,0,0.472134,0
/rtabmap/odom_info_lite,1780715244.156406879,0,0,0,0,0.472319,0
/rtabmap/odom_info,1780715244.158256292,0,0,0,0,0.472319,0
/rtabmap/odom_info_lite,1780715244.497377634,0,0,0,0,0.446051,0
/rtabmap/odom_info,1780715244.498965502,0,0,0,0,0.446051,0
/rtabmap/odom_info,1780715244.854196072,0,0,0,0,0.469220,0
/rtabmap/odom_info_lite,1780715244.855488777,0,0,0,0,0.469220,0
/rtabmap/odom_info_lite,1780715245.205902100,0,0,0,0,0.472501,0
/rtabmap/odom_info,1780715245.208005190,0,0,0,0,0.472501,0
/rtabmap/odom_info_lite,1780715245.583263397,0,0,0,0,0.492531,0
/rtabmap/odom_info,1780715245.584779024,0,0,0,0,0.492531,0
/rtabmap/odom_info_lite,1780715245.953985214,0,0,0,0,0.471293,0
/rtabmap/odom_info_lite,1780715246.455637217,0,0,0,0,0.461269,0
/rtabmap/odom_info,1780715246.457711458,0,0,0,0,0.461269,0
/rtabmap/odom_info,1780715246.861525297,0,0,0,0,0.469866,0
/rtabmap/odom_info_lite,1780715246.862817049,0,0,0,0,0.469866,0
/rtabmap/odom_info_lite,1780715247.174956083,0,0,0,0,0.478165,0
/rtabmap/odom_info,1780715247.177625179,0,0,0,0,0.478165,0
/rtabmap/odom_info,1780715247.461081982,0,0,0,0,0.471030,0
/rtabmap/odom_info_lite,1780715247.462883234,0,0,0,0,0.471030,0
/rtabmap/odom_info_lite,1780715247.766623020,0,0,0,0,0.444333,0
/rtabmap/odom_info,1780715248.029177427,0,0,0,0,0.417530,0
/rtabmap/odom_info_lite,1780715248.030621290,0,0,0,0,0.417530,0
/rtabmap/odom_info_lite,1780715248.334517956,0,0,0,0,0.436531,0
/rtabmap/odom_info,1780715248.336564779,0,0,0,0,0.436531,0
/rtabmap/odom_info,1780715248.619222879,0,0,0,0,0.437285,0
/rtabmap/odom_info_lite,1780715248.620632887,0,0,0,0,0.437285,0
/rtabmap/odom_info,1780715248.973539352,0,0,0,0,0.441526,0
/rtabmap/odom_info_lite,1780715248.974848032,0,0,0,0,0.441526,0
/rtabmap/odom_info,1780715249.310628891,0,0,0,0,0.442302,0
/rtabmap/odom_info_lite,1780715249.312357187,0,0,0,0,0.442302,0
/rtabmap/odom_info,1780715249.611079216,0,0,0,0,0.453572,0
/rtabmap/odom_info_lite,1780715249.613297224,0,0,0,0,0.453572,0
/rtabmap/odom_info_lite,1780715250.342496872,0,0,0,0,0.457671,0
/rtabmap/odom_info,1780715250.344609022,0,0,0,0,0.457671,0
/rtabmap/odom_info_lite,1780715250.947606087,0,0,0,0,0.421123,0
/rtabmap/odom_info,1780715250.948970556,0,0,0,0,0.421123,0
/rtabmap/odom_info_lite,1780715251.291749477,0,0,0,0,0.349388,0
/rtabmap/odom_info,1780715251.294799328,0,0,0,0,0.349388,0
/rtabmap/odom_info,1780715251.655803919,0,0,0,0,0.466436,0
/rtabmap/odom_info_lite,1780715251.656911373,0,0,0,0,0.466436,0
/rtabmap/odom_info_lite,1780715251.932723284,0,0,0,0,0.495922,0
/rtabmap/odom_info,1780715251.934186697,0,0,0,0,0.495922,0
/rtabmap/odom_info_lite,1780715252.275653124,0,0,0,0,0.498469,0
/rtabmap/odom_info,1780715252.280889750,0,0,0,0,0.498469,0
/rtabmap/odom_info_lite,1780715252.800089121,0,0,0,0,0.502852,0
/rtabmap/odom_info,1780715252.802572489,0,0,0,0,0.502852,0
/rtabmap/odom_info_lite,1780715253.123561382,0,0,0,0,0.498310,0
/rtabmap/odom_info,1780715253.126696348,0,0,0,0,0.498310,0
/rtabmap/odom_info_lite,1780715253.521427631,0,0,0,0,0.456898,0
/rtabmap/odom_info,1780715253.523312092,0,0,0,0,0.456898,0
/rtabmap/odom_info_lite,1780715253.880075932,0,0,0,0,0.471158,0
/rtabmap/odom_info,1780715253.881649971,0,0,0,0,0.471158,0
/rtabmap/odom_info_lite,1780715254.209076166,0,0,0,0,0.489033,0
/rtabmap/odom_info,1780715254.210827351,0,0,0,0,0.489033,0
/rtabmap/odom_info_lite,1780715254.658391714,0,0,0,0,0.464102,0
/rtabmap/odom_info,1780715254.660761595,0,0,0,0,0.464102,0
/rtabmap/odom_info_lite,1780715254.982855320,0,0,0,0,0.452421,0
/rtabmap/odom_info,1780715254.983997822,0,0,0,0,0.452421,0
/rtabmap/odom_info_lite,1780715255.317204475,0,0,0,0,0.474918,0
/rtabmap/odom_info,1780715255.320019722,0,0,0,0,0.474918,0
/rtabmap/odom_info_lite,1780715255.685894012,0,0,0,0,0.487526,0
/rtabmap/odom_info,1780715255.687486887,0,0,0,0,0.487526,0
/rtabmap/odom_info,1780715255.978067636,0,0,0,0,0.488471,0
/rtabmap/odom_info_lite,1780715255.983248234,0,0,0,0,0.488471,0
/rtabmap/odom_info_lite,1780715256.296859264,0,0,0,0,0.494364,0
/rtabmap/odom_info,1780715256.299601078,0,0,0,0,0.494364,0
/rtabmap/odom_info_lite,1780715256.665393353,0,0,0,0,0.486536,0
/rtabmap/odom_info,1780715256.667813301,0,0,0,0,0.486536,0
/rtabmap/odom_info_lite,1780715257.004334688,0,0,0,0,0.481136,0
/rtabmap/odom_info,1780715257.007524490,0,0,0,0,0.481136,0
/rtabmap/odom_info_lite,1780715257.466283560,0,0,0,0,0.483788,0
/rtabmap/odom_info,1780715257.735279799,0,0,0,0,0.482724,0
/rtabmap/odom_info_lite,1780715257.736009598,0,0,0,0,0.482724,0
/rtabmap/odom_info_lite,1780715258.091257811,0,0,0,0,0.480171,0
/rtabmap/odom_info,1780715258.093274593,0,0,0,0,0.480171,0
/rtabmap/odom_info_lite,1780715258.371233463,0,0,0,0,0.484584,0
/rtabmap/odom_info_lite,1780715258.691461802,0,0,0,0,0.483589,0
/rtabmap/odom_info,1780715258.693805695,0,0,0,0,0.483589,0
/rtabmap/odom_info_lite,1780715259.005734921,0,0,0,0,0.486786,0
/rtabmap/odom_info,1780715259.007478237,0,0,0,0,0.486786,0
/rtabmap/odom_info,1780715259.262818813,0,0,0,0,0.488161,0
/rtabmap/odom_info_lite,1780715259.263831615,0,0,0,0,0.488161,0
/rtabmap/odom_info_lite,1780715259.563762188,0,0,0,0,0.493629,0
/rtabmap/odom_info,1780715259.566714048,0,0,0,0,0.493629,0
/rtabmap/odom_info_lite,1780715259.878249645,0,0,0,0,0.495349,0
/rtabmap/odom_info,1780715259.879828691,0,0,0,0,0.495349,0
/rtabmap/odom_info,1780715260.167866707,0,0,0,0,0.492766,0
/rtabmap/odom_info_lite,1780715260.175334215,0,0,0,0,0.492766,0
/rtabmap/odom_info_lite,1780715260.474952698,0,0,0,0,0.497553,0
/rtabmap/odom_info,1780715260.477862358,0,0,0,0,0.497553,0
/rtabmap/odom_info_lite,1780715260.761131048,0,0,0,0,0.496784,0
/rtabmap/odom_info,1780715260.764074087,0,0,0,0,0.496784,0
/rtabmap/odom_info_lite,1780715261.071114302,0,0,0,0,0.494733,0
/rtabmap/odom_info,1780715261.072343111,0,0,0,0,0.494733,0
/rtabmap/odom_info_lite,1780715261.388423443,0,0,0,0,0.489975,0
/rtabmap/odom_info,1780715261.390025854,0,0,0,0,0.489975,0
/rtabmap/odom_info_lite,1780715261.676795244,0,0,0,0,0.496952,0
/rtabmap/odom_info,1780715261.678349733,0,0,0,0,0.496952,0
/rtabmap/odom_info_lite,1780715261.947338581,0,0,0,0,0.499626,0
/rtabmap/odom_info,1780715261.951057673,0,0,0,0,0.499626,0
/rtabmap/odom_info_lite,1780715262.285387278,0,0,0,0,0.498537,0
/rtabmap/odom_info,1780715262.290826559,0,0,0,0,0.498537,0
/rtabmap/odom_info_lite,1780715262.630303383,0,0,0,0,0.492963,0
/rtabmap/odom_info_lite,1780715263.030606985,0,0,0,0,0.521443,0
/rtabmap/odom_info,1780715263.032319546,0,0,0,0,0.521443,0
/rtabmap/odom_info_lite,1780715263.422625542,0,0,0,0,0.524621,0
/rtabmap/odom_info,1780715263.425079346,0,0,0,0,0.524621,0
/rtabmap/odom_info,1780715263.674488068,0,0,0,0,0.488723,0
/rtabmap/odom_info_lite,1780715263.675289631,0,0,0,0,0.488723,0
/rtabmap/odom_info_lite,1780715264.179109335,0,0,0,0,0.487200,0
/rtabmap/odom_info_lite,1780715264.577885389,0,0,0,0,0.491153,0
/rtabmap/odom_info,1780715264.582979918,0,0,0,0,0.491153,0
/rtabmap/odom_info_lite,1780715264.990885019,0,0,0,0,0.482712,0
/rtabmap/odom_info_lite,1780715265.335478783,0,0,0,0,0.488412,0
/rtabmap/odom_info,1780715265.337706327,0,0,0,0,0.488412,0
/rtabmap/odom_info_lite,1780715265.742120981,0,0,0,0,0.502271,0
/rtabmap/odom_info,1780715265.744067669,0,0,0,0,0.502271,0
/rtabmap/odom_info_lite,1780715266.028337955,0,0,0,0,0.479065,0
/rtabmap/odom_info,1780715266.030412674,0,0,0,0,0.479065,0
/rtabmap/odom_info,1780715266.352814674,0,0,0,0,0.508453,0
/rtabmap/odom_info_lite,1780715266.354014635,0,0,0,0,0.508453,0
/rtabmap/odom_info_lite,1780715266.630311251,0,0,0,0,0.510087,0
/rtabmap/odom_info,1780715266.631832361,0,0,0,0,0.510087,0
/rtabmap/odom_info_lite,1780715266.961022615,0,0,0,0,0.508245,0
/rtabmap/odom_info,1780715266.963915110,0,0,0,0,0.508245,0
/rtabmap/odom_info_lite,1780715267.351727009,0,0,0,0,0.503803,0
/rtabmap/odom_info,1780715267.353524923,0,0,0,0,0.503803,0
/rtabmap/odom_info,1780715267.667126656,0,0,0,0,0.509448,0
/rtabmap/odom_info_lite,1780715267.668340445,0,0,0,0,0.509448,0
/rtabmap/odom_info,1780715268.091439962,0,0,0,0,0.511466,0
/rtabmap/odom_info_lite,1780715268.094182014,0,0,0,0,0.511466,0
/rtabmap/odom_info,1780715268.359063864,0,0,0,0,0.504567,0
/rtabmap/odom_info_lite,1780715268.360363960,0,0,0,0,0.504567,0
/rtabmap/odom_info_lite,1780715268.596701622,0,0,0,0,0.491699,0
/rtabmap/odom_info_lite,1780715268.856427908,0,0,0,0,0.489611,0
/rtabmap/odom_info,1780715268.857777119,0,0,0,0,0.489611,0
/rtabmap/odom_info_lite,1780715269.122750044,0,0,0,0,0.488749,0
/rtabmap/odom_info_lite,1780715269.430088520,0,0,0,0,0.510741,0
/rtabmap/odom_info,1780715269.431370258,0,0,0,0,0.510741,0
/rtabmap/odom_info,1780715269.604520559,0,0,0,0,0.506241,0
/rtabmap/odom_info_lite,1780715269.605926037,0,0,0,0,0.506241,0
/rtabmap/odom_info_lite,1780715269.871662378,0,0,0,0,0.493686,0
/rtabmap/odom_info,1780715269.874245167,0,0,0,0,0.493686,0
/rtabmap/odom_info_lite,1780715270.180285215,0,0,0,0,0.483693,0
/rtabmap/odom_info,1780715270.181845903,0,0,0,0,0.483693,0
