source,t,rel_t,x,y,yaw_rad,yaw_deg,rel_x,rel_y,rel_yaw_deg,vx,wz
rtabmap,1780714383.963253498,0.000000000,0.000000000,0.000000000,-0.081530699,-4.671365,0.000000000,0.000000000,0.000000,0.000000000,0.000000000
rtabmap,1780714383.996560335,0.033306837,0.000077732,0.000300137,-0.081556347,-4.672834,0.000053031,0.000305471,-0.001470,0.001592197,-0.000769964
wheel,1780714384.168850422,0.000000000,0.000000000,0.000000000,0.000000000,0.000000,0.000000000,0.000000000,0.000000,0.000000458,-0.000035396
wheel,1780714384.188817739,0.019967318,0.000000000,0.000000000,0.000000000,0.000000,0.000000000,0.000000000,0.000000,0.000000435,-0.000035042
wheel,1780714384.208795071,0.039944649,0.000000000,0.000000000,0.000000000,0.000000,0.000000000,0.000000000,0.000000,0.000000414,-0.000034692
wheel,1780714384.228805065,0.059954643,0.000000000,0.000000000,0.000000000,0.000000,0.000000000,0.000000000,0.000000,0.000000393,-0.000034345
wheel,1780714384.248744726,0.079894304,0.000000000,0.000000000,0.000000000,0.000000,0.000000000,0.000000000,0.000000,0.000000373,-0.000034001
rtabmap,1780714384.263216734,0.299963236,-0.000072753,-0.000327707,-0.081537779,-4.671771,-0.000045823,-0.000332544,-0.000406,-0.000370653,0.000069628
wheel,1780714384.268805027,0.099954605,0.000000000,0.000000000,0.000000000,0.000000,0.000000000,0.000000000,0.000000,0.000000355,-0.000033661
wheel,1780714384.288787365,0.119936943,0.000000000,0.000000000,0.000000000,0.000000,0.000000000,0.000000000,0.000000,0.000000337,-0.000033325
wheel,1780714384.308799982,0.139949560,-0.000801505,0.000000185,-0.000462629,-0.026507,-0.000801505,0.000000185,-0.026507,-0.002002060,-0.000264146
wheel,1780714384.328820229,0.159969807,-0.001748738,0.000000405,0.000000000,0.000000,-0.001748738,0.000000405,0.000000,-0.004268152,-0.000030375
wheel,1780714384.348775625,0.179925203,-0.003351748,0.000001146,-0.000925258,-0.053013,-0.003351748,0.000001146,-0.053013,-0.008071323,-0.000493745
wheel,1780714384.371574402,0.202723980,-0.003351748,0.000001146,-0.000925258,-0.053013,-0.003351748,0.000001146,-0.053013,-0.007667757,-0.000488808
wheel,1780714384.388996601,0.220146179,-0.010711016,0.000009658,-0.001387887,-0.079520,-0.010711016,0.000009658,-0.079520,-0.028404760,-0.000749460
wheel,1780714384.409195423,0.240345001,-0.013698442,0.000013113,-0.000925258,-0.053013,-0.013698442,0.000013113,-0.053013,-0.034380188,-0.000512908
wheel,1780714384.428800344,0.259949923,-0.018070286,0.000017158,-0.000925258,-0.053013,-0.018070286,0.000017158,-0.053013,-0.043812538,-0.000507779
wheel,1780714384.448802471,0.279952049,-0.023025044,0.000019450,-0.000000000,-0.000000,-0.023025044,0.000019450,-0.000000,-0.054006752,-0.000040149
wheel,1780714384.468773365,0.299922943,-0.027834072,0.000023900,-0.001850517,-0.106027,-0.027834072,0.000023900,-0.106027,-0.063343637,-0.000966133
wheel,1780714384.488819838,0.319969416,-0.027834072,0.000023900,-0.001850517,-0.106027,-0.027834072,0.000023900,-0.106027,-0.060176455,-0.000956472
wheel,1780714384.508769751,0.339919329,-0.039200840,0.000050193,-0.002775775,-0.159040,-0.039200840,0.000050193,-0.159040,-0.085646784,-0.001410548
wheel,1780714384.528796673,0.359946251,-0.045248532,0.000068379,-0.003238404,-0.185547,-0.045248532,0.000068379,-0.185547,-0.096464498,-0.001627463
rtabmap,1780714384.530013800,0.566760302,0.025128186,-0.006167313,-0.076670683,-4.392907,0.025546984,-0.004100377,0.278458,0.095926128,0.018242702
wheel,1780714384.548974514,0.380124092,-0.051441943,0.000089868,-0.003701033,-0.212054,-0.051441943,0.000089868,-0.212054,-0.106988606,-0.001840467
wheel,1780714384.568787336,0.399936914,-0.056833848,0.000109824,-0.003701033,-0.212054,-0.056833848,0.000109824,-0.212054,-0.115250967,-0.001822062
wheel,1780714384.589247942,0.420397520,-0.056833848,0.000109824,-0.003701033,-0.212054,-0.056833848,0.000109824,-0.212054,-0.109488419,-0.001803842
wheel,1780714384.608788729,0.439938307,-0.067690514,0.000152516,-0.004163662,-0.238560,-0.067690514,0.000152516,-0.238560,-0.131793374,-0.002022551
wheel,1780714384.628869772,0.460019350,-0.073082399,0.000177461,-0.005088921,-0.291574,-0.073082399,0.000177461,-0.291574,-0.138630914,-0.002463148
wheel,1780714384.648787260,0.479936838,-0.078619999,0.000205642,-0.005088921,-0.291574,-0.078619999,0.000205642,-0.291574,-0.145600399,-0.002438516
wheel,1780714384.669932365,0.501081944,-0.078619999,0.000205642,-0.005088921,-0.291574,-0.078619999,0.000205642,-0.291574,-0.138320379,-0.002414131
wheel,1780714384.688820839,0.519970417,-0.084594762,0.000238811,-0.006014179,-0.344587,-0.084594762,0.000238811,-0.344587,-0.147222898,-0.002879917
wheel,1780714384.708765745,0.539915323,-0.095815597,0.000311487,-0.006939437,-0.397600,-0.095815597,0.000311487,-0.397600,-0.167988220,-0.003314964
wheel,1780714384.729390860,0.560540438,-0.101498841,0.000353556,-0.007864696,-0.450614,-0.101498841,0.000353556,-0.450614,-0.173369059,-0.003730500
wheel,1780714384.748756647,0.579906225,-0.107254915,0.000400158,-0.008327325,-0.477121,-0.107254915,0.000400158,-0.477121,-0.179559619,-0.003932038
wheel,1780714384.768895388,0.600044966,-0.112355295,0.000433193,-0.004626292,-0.265067,-0.112355295,0.000433193,-0.265067,-0.183244708,-0.002054993
wheel,1780714384.788944483,0.620094061,-0.112355295,0.000433193,-0.004626292,-0.265067,-0.112355295,0.000433193,-0.265067,-0.174082473,-0.002034443
wheel,1780714384.810203314,0.641352892,-0.120807352,0.000487936,-0.008327325,-0.477121,-0.120807352,0.000487936,-0.477121,-0.185253241,-0.003754647
wheel,1780714384.828766346,0.659915924,-0.122920408,0.000491357,0.005088921,0.291574,-0.122920408,0.000491357,0.291574,-0.181681864,0.003509928
wheel,1780714384.853365660,0.684515238,-0.129842474,0.000508970,-0.010177841,-0.583147,-0.129842474,0.000508970,-0.583147,-0.186668540,-0.002731827
wheel,1780714384.868801594,0.699951172,-0.133339801,0.000541331,-0.008327325,-0.477121,-0.133339801,0.000541331,-0.477121,-0.188668147,-0.001505246
wheel,1780714384.888877392,0.720026970,-0.133339801,0.000541331,-0.008327325,-0.477121,-0.133339801,0.000541331,-0.477121,-0.179234740,-0.001490193
wheel,1780714384.908758640,0.739908218,-0.142738846,0.000630473,-0.010640471,-0.609654,-0.142738846,0.000630473,-0.609654,-0.193912598,-0.002638800
wheel,1780714384.928777933,0.759927511,-0.147256263,0.000668092,-0.006014179,-0.344587,-0.147256263,0.000668092,-0.344587,-0.195498944,-0.000301716
rtabmap,1780714384.929922104,0.966668606,0.135260135,-0.011383535,-0.072393118,-4.147820,0.135737909,-0.000330082,0.523545,0.275583208,0.010696421
wheel,1780714384.949327230,0.780476809,-0.151555161,0.000694941,-0.006476808,-0.371094,-0.151555161,0.000694941,-0.371094,-0.196185013,-0.000523849
wheel,1780714384.970535755,0.801685333,-0.156436960,0.000725430,-0.006014179,-0.344587,-0.156436960,0.000725430,-0.344587,-0.197885035,-0.000300476
wheel,1780714384.988770485,0.819920063,-0.156436960,0.000725430,-0.006014179,-0.344587,-0.156436960,0.000725430,-0.344587,-0.187990784,-0.000297472
wheel,1780714385.008771896,0.839921474,-0.166783412,0.000797230,-0.007864696,-0.450614,-0.166783412,0.000797230,-0.450614,-0.204457097,-0.001219723
wheel,1780714385.031165123,0.862314701,-0.172029464,0.000838490,-0.007864696,-0.450614,-0.172029464,0.000838490,-0.450614,-0.205948209,-0.001207526
wheel,1780714385.049231529,0.880381107,-0.177202645,0.000880373,-0.008327325,-0.477121,-0.177202645,0.000880373,-0.477121,-0.209967263,-0.001451502
wheel,1780714385.068791389,0.899940968,-0.182230084,0.000923402,-0.008789954,-0.503627,-0.182230084,0.000923402,-0.503627,-0.212323607,-0.001673558
wheel,1780714385.090234995,0.921384573,-0.182230084,0.000923402,-0.008789954,-0.503627,-0.182230084,0.000923402,-0.503627,-0.201707427,-0.001656823
wheel,1780714385.108781576,0.939931154,-0.192139217,0.001010505,-0.008789954,-0.503627,-0.192139217,0.001010505,-0.503627,-0.218328340,-0.001640255
wheel,1780714385.129282713,0.960432291,-0.192139217,0.001010505,-0.008789954,-0.503627,-0.192139217,0.001010505,-0.503627,-0.207411923,-0.001623852
wheel,1780714385.148768187,0.979917765,-0.201975470,0.001099243,-0.009252583,-0.530134,-0.201975470,0.001099243,-0.530134,-0.222273980,-0.001844958
wheel,1780714385.168789625,0.999939203,-0.206930056,0.001140502,-0.007402067,-0.424107,-0.206930056,0.001140502,-0.424107,-0.223533913,-0.000902241
wheel,1780714385.188952446,1.020102024,-0.206930056,0.001140502,-0.007402067,-0.424107,-0.206930056,0.001140502,-0.424107,-0.212357217,-0.000893218
wheel,1780714385.208798885,1.039948463,-0.216693609,0.001208257,-0.006476808,-0.371094,-0.216693609,0.001208257,-0.371094,-0.226357805,-0.000417696
wheel,1780714385.229091644,1.060241222,-0.221648264,0.001240348,-0.006476808,-0.371094,-0.221648264,0.001240348,-0.371094,-0.227240080,-0.000413519
wheel,1780714385.248783350,1.079932928,-0.226675773,0.001274073,-0.006939437,-0.397600,-0.226675773,0.001274073,-0.397600,-0.228640978,-0.000644266
wheel,1780714385.268842936,1.099992514,-0.231921861,0.001310479,-0.006939437,-0.397600,-0.231921861,0.001310479,-0.397600,-0.230294372,-0.000637823
wheel,1780714385.288801908,1.119951487,-0.231921861,0.001310479,-0.006939437,-0.397600,-0.231921861,0.001310479,-0.397600,-0.218779653,-0.000631445
wheel,1780714385.308784723,1.139934301,-0.241685382,0.001382750,-0.007864696,-0.450614,-0.241685382,0.001382750,-0.450614,-0.232281048,-0.001088346
wheel,1780714385.328773975,1.159923553,-0.246494246,0.001422796,-0.008789954,-0.503627,-0.246494246,0.001422796,-0.503627,-0.232691159,-0.001540152
wheel,1780714385.348783970,1.179933548,-0.251521663,0.001468151,-0.009252583,-0.530134,-0.251521663,0.001468151,-0.530134,-0.233617883,-0.001755922
rtabmap,1780714385.363234043,1.399980545,0.247967958,-0.018510994,-0.068769496,-3.940202,0.248651805,0.001745107,0.731163,0.260616302,0.008362597
wheel,1780714385.370750427,1.201900005,-0.256257616,0.001513068,-0.009715212,-0.556641,-0.256257616,0.001513068,-0.556641,-0.232718492,-0.001948991
wheel,1780714385.388757467,1.219907045,-0.256257616,0.001513068,-0.009715212,-0.556641,-0.256257616,0.001513068,-0.556641,-0.221082567,-0.001929501
wheel,1780714385.410021544,1.241171122,-0.266166665,0.001609339,-0.009715212,-0.556641,-0.266166665,0.001609339,-0.556641,-0.233328991,-0.001910206
wheel,1780714385.428780556,1.259930134,-0.271266911,0.001658891,-0.009715212,-0.556641,-0.271266911,0.001658891,-0.556641,-0.235260242,-0.001891104
wheel,1780714385.448782444,1.279932022,-0.276658599,0.001711274,-0.009715212,-0.556641,-0.276658599,0.001711274,-0.556641,-0.236974530,-0.001872193
wheel,1780714385.468786716,1.299936295,-0.281394531,0.001758381,-0.010177841,-0.583147,-0.281394531,0.001758381,-0.583147,-0.236963830,-0.002084739
wheel,1780714385.488881826,1.320031404,-0.281394531,0.001758381,-0.010177841,-0.583147,-0.281394531,0.001758381,-0.583147,-0.225115639,-0.002063891
wheel,1780714385.508770227,1.339919806,-0.291522041,0.001868490,-0.011565729,-0.662667,-0.291522041,0.001868490,-0.662667,-0.239322513,-0.002741098
wheel,1780714385.528813839,1.359963417,-0.296549314,0.001927800,-0.012028358,-0.689174,-0.296549314,0.001927800,-0.689174,-0.239898543,-0.002944507
wheel,1780714385.548950434,1.380100012,-0.301139407,0.001984075,-0.012490987,-0.715681,-0.301139407,0.001984075,-0.715681,-0.239307129,-0.003144913
wheel,1780714385.568777323,1.399926901,-0.306166622,0.002048037,-0.012953616,-0.742188,-0.306166622,0.002048037,-0.742188,-0.240014018,-0.003346678
wheel,1780714385.589318037,1.420467615,-0.306166622,0.002048037,-0.012953616,-0.742188,-0.306166622,0.002048037,-0.742188,-0.228013317,-0.003313211
wheel,1780714385.608781576,1.439931154,-0.315710989,0.002173886,-0.013416246,-0.768694,-0.315710989,0.002173886,-0.768694,-0.241111454,-0.003517557
wheel,1780714385.629868507,1.461018085,-0.320883890,0.002242094,-0.012953616,-0.742188,-0.320883890,0.002242094,-0.742188,-0.241323020,-0.003262982
wheel,1780714385.648810387,1.479959965,-0.325692516,0.002304387,-0.012953616,-0.742188,-0.325692516,0.002304387,-0.742188,-0.241952161,-0.003230353
wheel,1780714385.668797970,1.499947548,-0.330646859,0.002368567,-0.012953616,-0.742188,-0.330646859,0.002368567,-0.742188,-0.242249587,-0.003198049
wheel,1780714385.689043760,1.520193338,-0.330646859,0.002368567,-0.012953616,-0.742188,-0.330646859,0.002368567,-0.742188,-0.230137108,-0.003166069
rtabmap,1780714385.696673870,1.733420372,0.339078814,-0.023862321,-0.065462119,-3.750703,0.339895823,0.003831660,0.920662,0.273702174,0.009918945
wheel,1780714385.710262537,1.541412115,-0.340409828,0.002495040,-0.012953616,-0.742188,-0.340409828,0.002495040,-0.742188,-0.241629666,-0.003134408
wheel,1780714385.728790283,1.559939861,-0.340409828,0.002495040,-0.012953616,-0.742188,-0.340409828,0.002495040,-0.742188,-0.229548183,-0.003103064
wheel,1780714385.752259970,1.583409548,-0.351338589,0.002631558,-0.012028358,-0.689174,-0.351338589,0.002631558,-0.689174,-0.241356963,-0.002677770
wheel,1780714385.768945932,1.600095510,-0.351338589,0.002631558,-0.012028358,-0.689174,-0.351338589,0.002631558,-0.689174,-0.229289115,-0.002650992
wheel,1780714385.790132046,1.621281624,-0.355564401,0.002682390,-0.012028358,-0.689174,-0.355564401,0.002682390,-0.689174,-0.227798338,-0.002624482
wheel,1780714385.808792830,1.639942408,-0.364963052,0.002806318,-0.014341504,-0.821708,-0.364963052,0.002806318,-0.821708,-0.241598976,-0.003838082
wheel,1780714385.829086304,1.660235882,-0.369990174,0.002877256,-0.013878875,-0.795201,-0.369990174,0.002877256,-0.795201,-0.241905879,-0.003571740
wheel,1780714385.848791361,1.679940939,-0.375090169,0.002948043,-0.013878875,-0.795201,-0.375090169,0.002948043,-0.795201,-0.242763003,-0.003536023
wheel,1780714385.868817091,1.699966669,-0.379680179,0.003010689,-0.013416246,-0.768694,-0.379680179,0.003010689,-0.768694,-0.242079247,-0.003269785
wheel,1780714385.888862610,1.720012188,-0.379680179,0.003010689,-0.013416246,-0.768694,-0.379680179,0.003010689,-0.768694,-0.229975285,-0.003237088
wheel,1780714385.908761024,1.739910603,-0.389588864,0.003139049,-0.012490987,-0.715681,-0.389588864,0.003139049,-0.715681,-0.243377086,-0.002739720
wheel,1780714385.928784847,1.759934425,-0.394543236,0.003200938,-0.012490987,-0.715681,-0.394543236,0.003200938,-0.715681,-0.243582011,-0.002712323
wheel,1780714385.948786974,1.779936552,-0.399351891,0.003261006,-0.012490987,-0.715681,-0.399351891,0.003261006,-0.715681,-0.243424064,-0.002685200
wheel,1780714385.968770981,1.799920559,-0.404524823,0.003326821,-0.012953616,-0.742188,-0.404524823,0.003326821,-0.742188,-0.244195661,-0.002889831
wheel,1780714385.988771677,1.819921255,-0.404524823,0.003326821,-0.012953616,-0.742188,-0.404524823,0.003326821,-0.742188,-0.231985878,-0.002860933
rtabmap,1780714385.996855497,2.033601999,0.408386499,-0.027839975,-0.064665628,-3.705068,0.409297225,0.005511664,0.966297,0.231258318,0.002653361
wheel,1780714386.008780479,1.839930058,-0.413996243,0.003458282,-0.014804133,-0.848214,-0.413996243,0.003458282,-0.848214,-0.244057842,-0.003757208
wheel,1780714386.028775454,1.859925032,-0.418877585,0.003531681,-0.015266762,-0.874721,-0.418877585,0.003531681,-0.874721,-0.244060861,-0.003950972
wheel,1780714386.048893452,1.880043030,-0.424195947,0.003619034,-0.017579908,-1.007255,-0.424195947,0.003619034,-1.007255,-0.245080968,-0.005061552
wheel,1780714386.070460081,1.901609659,-0.428785765,0.003694421,-0.015266762,-0.874721,-0.428785765,0.003694421,-0.874721,-0.243468198,-0.003938497
wheel,1780714386.088799715,1.919949293,-0.428785765,0.003694421,-0.015266762,-0.874721,-0.428785765,0.003694421,-0.874721,-0.231294788,-0.003899112
wheel,1780714386.108789444,1.939939022,-0.428785765,0.003694421,-0.015266762,-0.874721,-0.428785765,0.003694421,-0.874721,-0.219730049,-0.003860121
wheel,1780714386.129564285,1.960713863,-0.444304063,0.003927763,-0.014804133,-0.848214,-0.444304063,0.003927763,-0.848214,-0.246101688,-0.003598802
wheel,1780714386.148800135,1.979949713,-0.448529717,0.003990324,-0.014804133,-0.848214,-0.448529717,0.003990324,-0.848214,-0.244780654,-0.003562814
wheel,1780714386.168823957,1.999973536,-0.448529717,0.003990324,-0.014804133,-0.848214,-0.448529717,0.003990324,-0.848214,-0.232541621,-0.003527186
wheel,1780714386.188832045,2.019981623,-0.459385240,0.004153554,-0.015266762,-0.874721,-0.459385240,0.004153554,-0.874721,-0.248051912,-0.003723190
wheel,1780714386.208816290,2.039965868,-0.463173704,0.004213150,-0.016192021,-0.927734,-0.463173704,0.004213150,-0.927734,-0.245127080,-0.004148852
wheel,1780714386.228887796,2.060037374,-0.468127775,0.004295665,-0.017117279,-0.980748,-0.468127775,0.004295665,-0.980748,-0.245215252,-0.004568411
wheel,1780714386.248874903,2.080024481,-0.473008934,0.004380355,-0.017579908,-1.007255,-0.473008934,0.004380355,-1.007255,-0.245171616,-0.004754276
wheel,1780714386.269175529,2.100325108,-0.478035759,0.004469899,-0.018042537,-1.033761,-0.478035759,0.004469899,-1.033761,-0.245289564,-0.004934505
wheel,1780714386.290248871,2.121398449,-0.478035759,0.004469899,-0.018042537,-1.033761,-0.478035759,0.004469899,-1.033761,-0.233025085,-0.004885160
wheel,1780714386.313781023,2.144930601,-0.487943579,0.004653265,-0.018967795,-1.086775,-0.487943579,0.004653265,-1.086775,-0.242431448,-0.005229541
wheel,1780714386.329364538,2.160514116,-0.493043192,0.004747645,-0.018042537,-1.033761,-0.493043192,0.004747645,-1.033761,-0.246673130,-0.004583567
rtabmap,1780714386.330101013,2.366847515,0.494794190,-0.032974225,-0.060076874,-3.442151,0.495836023,0.007431547,1.229214,0.259744883,0.013769892
wheel,1780714386.349016190,2.180165768,-0.497997144,0.004837037,-0.018042537,-1.033761,-0.497997144,0.004837037,-1.033761,-0.246945177,-0.004537732
wheel,1780714386.368818283,2.199967861,-0.502951096,0.004926428,-0.018042537,-1.033761,-0.502951096,0.004926428,-1.033761,-0.247122635,-0.004492354
wheel,1780714386.388771296,2.219920874,-0.502951096,0.004926428,-0.018042537,-1.033761,-0.502951096,0.004926428,-1.033761,-0.234766503,-0.004447431
wheel,1780714386.410615683,2.241765261,-0.512858916,0.005109795,-0.018967795,-1.086775,-0.512858916,0.005109795,-1.086775,-0.245710492,-0.004826529
wheel,1780714386.428785324,2.259934902,-0.517739910,0.005203518,-0.019430425,-1.113281,-0.517739910,0.005203518,-1.113281,-0.246860407,-0.005032904
wheel,1780714386.450124025,2.281273603,-0.522912261,0.005305228,-0.019893054,-1.139788,-0.522912261,0.005305228,-1.139788,-0.246638700,-0.005199365
wheel,1780714386.470446825,2.301596403,-0.527647423,0.005402725,-0.021280941,-1.219308,-0.527647423,0.005402725,-1.219308,-0.245958701,-0.005830269
wheel,1780714386.490223169,2.321372747,-0.527647423,0.005402725,-0.021280941,-1.219308,-0.527647423,0.005402725,-1.219308,-0.233660766,-0.005771966
wheel,1780714386.508980274,2.340129852,-0.537336105,0.005611182,-0.021743570,-1.245815,-0.537336105,0.005611182,-1.245815,-0.247813360,-0.005960917
wheel,1780714386.530236959,2.361386538,-0.537336105,0.005611182,-0.021743570,-1.245815,-0.537336105,0.005611182,-1.245815,-0.235422692,-0.005901308
wheel,1780714386.548793316,2.379942894,-0.548263136,0.005848812,-0.021743570,-1.245815,-0.548263136,0.005848812,-1.245815,-0.253097936,-0.005842295
wheel,1780714386.568872452,2.400022030,-0.552196867,0.005934359,-0.021743570,-1.245815,-0.552196867,0.005934359,-1.245815,-0.250243949,-0.005783872
wheel,1780714386.589097738,2.420247316,-0.552196867,0.005934359,-0.021743570,-1.245815,-0.552196867,0.005934359,-1.245815,-0.237731752,-0.005726033
wheel,1780714386.608766794,2.439916372,-0.562104041,0.006149810,-0.021743570,-1.245815,-0.562104041,0.006149810,-1.245815,-0.251033653,-0.005668773
wheel,1780714386.628803015,2.459952593,-0.567057628,0.006257536,-0.021743570,-1.245815,-0.567057628,0.006257536,-1.245815,-0.250846915,-0.005612085
rtabmap,1780714386.630333185,2.667079687,0.574404776,-0.034056678,-0.057859963,-3.315132,0.575270316,0.012836207,1.356233,0.264901459,0.007383989
wheel,1780714386.648803949,2.479953527,-0.571792650,0.006361604,-0.022206200,-1.272322,-0.571792650,0.006361604,-1.272322,-0.250145984,-0.005787298
wheel,1780714386.668809652,2.499959230,-0.576673316,0.006471133,-0.022668829,-1.298828,-0.576673316,0.006471133,-1.298828,-0.249839650,-0.005960668
wheel,1780714386.688819408,2.519968987,-0.576673316,0.006471133,-0.022668829,-1.298828,-0.576673316,0.006471133,-1.298828,-0.237347667,-0.005901062
wheel,1780714386.708761454,2.539911032,-0.586507492,0.006691824,-0.022206200,-1.272322,-0.586507492,0.006691824,-1.272322,-0.250141024,-0.005610087
wheel,1780714386.730262995,2.561412573,-0.591898106,0.006811549,-0.022206200,-1.272322,-0.591898106,0.006811549,-1.272322,-0.250175674,-0.005553986
wheel,1780714386.749173164,2.580322742,-0.596414565,0.006911859,-0.022206200,-1.272322,-0.596414565,0.006911859,-1.272322,-0.249611265,-0.005498446
wheel,1780714386.768791199,2.599940777,-0.601368102,0.007021876,-0.022206200,-1.272322,-0.601368102,0.007021876,-1.272322,-0.249759232,-0.005443461
wheel,1780714386.788769722,2.619919300,-0.601368102,0.007021876,-0.022206200,-1.272322,-0.601368102,0.007021876,-1.272322,-0.237271270,-0.005389027
wheel,1780714386.808792591,2.639942169,-0.611275276,0.007237327,-0.021280941,-1.219308,-0.611275276,0.007237327,-1.219308,-0.250155266,-0.004872997
wheel,1780714386.828762531,2.659912109,-0.616228913,0.007342761,-0.021280941,-1.219308,-0.616228913,0.007342761,-1.219308,-0.250053044,-0.004824267
wheel,1780714386.848791599,2.679941177,-0.621473939,0.007454397,-0.021280941,-1.219308,-0.621473939,0.007454397,-1.219308,-0.250661095,-0.004776025
wheel,1780714386.868779421,2.699928999,-0.626136185,0.007553629,-0.021280941,-1.219308,-0.626136185,0.007553629,-1.219308,-0.249779778,-0.004728264
wheel,1780714386.888756990,2.719906569,-0.628904805,0.007588214,-0.003701033,-0.212054,-0.628904805,0.007588214,-0.212054,-0.244220319,0.004118421
wheel,1780714386.908958197,2.740107775,-0.628904805,0.007588214,-0.003701033,-0.212054,-0.628904805,0.007588214,-0.212054,-0.232009303,0.004077237
wheel,1780714386.929049730,2.760199308,-0.641363482,0.007752490,-0.022668829,-1.298828,-0.641363482,0.007752490,-1.298828,-0.251428473,-0.005407924
wheel,1780714386.948838472,2.779988050,-0.645734204,0.007851586,-0.022668829,-1.298828,-0.645734204,0.007851586,-1.298828,-0.249902014,-0.005353845
rtabmap,1780714386.963479280,3.000225782,0.657780886,-0.036360722,-0.056917056,-3.261107,0.658557110,0.017330001,1.410258,0.250249952,0.002830338
wheel,1780714386.968778133,2.799927711,-0.650687689,0.007963895,-0.022668829,-1.298828,-0.650687689,0.007963895,-1.298828,-0.249827580,-0.005300307
wheel,1780714386.988837004,2.819986582,-0.650687689,0.007963895,-0.022668829,-1.298828,-0.650687689,0.007963895,-1.298828,-0.237336201,-0.005247303
wheel,1780714387.009228706,2.840378284,-0.660885933,0.008199838,-0.023594087,-1.351842,-0.660885933,0.008199838,-1.351842,-0.250482241,-0.005648578
wheel,1780714387.028819561,2.859969139,-0.665620755,0.008312668,-0.024056716,-1.378348,-0.665620755,0.008312668,-1.378348,-0.250047297,-0.005828267
wheel,1780714387.048797607,2.879947186,-0.670792694,0.008433521,-0.022668829,-1.298828,-0.670792694,0.008433521,-1.298828,-0.250492366,-0.005075286
wheel,1780714387.068771839,2.899921417,-0.675527516,0.008546351,-0.024981975,-1.431362,-0.675527516,0.008546351,-1.431362,-0.249821881,-0.006182446
wheel,1780714387.089814663,2.920964241,-0.675527516,0.008546351,-0.024981975,-1.431362,-0.675527516,0.008546351,-1.431362,-0.237330787,-0.006120622
wheel,1780714387.108788013,2.939937592,-0.685579506,0.008802175,-0.025907233,-1.484375,-0.685579506,0.008802175,-1.484375,-0.251951268,-0.006546869
wheel,1780714387.129883289,2.961032867,-0.690532601,0.008930525,-0.025907233,-1.484375,-0.690532601,0.008930525,-1.484375,-0.251101982,-0.006481401
wheel,1780714387.148746729,2.979896307,-0.695412828,0.009058116,-0.026369862,-1.510882,-0.695412828,0.009058116,-1.510882,-0.251482074,-0.006661745
wheel,1780714387.168900013,3.000049591,-0.700365863,0.009188757,-0.026369862,-1.510882,-0.700365863,0.009188757,-1.510882,-0.251200943,-0.006595128
wheel,1780714387.189751625,3.020901203,-0.700365863,0.009188757,-0.026369862,-1.510882,-0.700365863,0.009188757,-1.510882,-0.238640896,-0.006529177
wheel,1780714387.208770752,3.039920330,-0.710271935,0.009450040,-0.026369862,-1.510882,-0.710271935,0.009450040,-1.510882,-0.252762587,-0.006463885
wheel,1780714387.228802919,3.059952497,-0.715661937,0.009594702,-0.027295120,-1.563895,-0.715661937,0.009594702,-1.563895,-0.253584271,-0.006861187
rtabmap,1780714387.230324268,3.267070770,0.729194045,-0.040457036,-0.052572010,-3.012154,0.730066655,0.019063210,1.659211,0.268060207,0.016283039
wheel,1780714387.248790741,3.079940319,-0.720469236,0.009723724,-0.026369862,-1.510882,-0.720469236,0.009723724,-1.510882,-0.252934097,-0.006329697
wheel,1780714387.271291971,3.102441549,-0.725058049,0.009845821,-0.026832491,-1.537388,-0.725058049,0.009845821,-1.537388,-0.250487483,-0.006471996
wheel,1780714387.289940596,3.121090174,-0.725058049,0.009845821,-0.026832491,-1.537388,-0.725058049,0.009845821,-1.537388,-0.237963109,-0.006407276
wheel,1780714387.308770657,3.139920235,-0.734745425,0.010108062,-0.027295120,-1.563895,-0.734745425,0.010108062,-1.563895,-0.251795587,-0.006588871
wheel,1780714387.333226204,3.164375782,-0.739552664,0.010239309,-0.027295120,-1.563895,-0.739552664,0.010239309,-1.563895,-0.249038762,-0.006522982
wheel,1780714387.348797798,3.179947376,-0.744578381,0.010377684,-0.027757749,-1.590402,-0.744578381,0.010377684,-1.590402,-0.252734844,-0.006754932
wheel,1780714387.368759871,3.199909449,-0.749385559,0.010511155,-0.027757749,-1.590402,-0.749385559,0.010511155,-1.590402,-0.252139780,-0.006687383
wheel,1780714387.388765574,3.219915152,-0.749385559,0.010511155,-0.027757749,-1.590402,-0.749385559,0.010511155,-1.590402,-0.239532791,-0.006620509
wheel,1780714387.408784389,3.239933968,-0.759291130,0.010790768,-0.028683008,-1.643415,-0.759291130,0.010790768,-1.643415,-0.252309901,-0.007016559
wheel,1780714387.428772449,3.259922028,-0.764025316,0.010927692,-0.029145637,-1.669922,-0.764025316,0.010927692,-1.669922,-0.251541328,-0.007177835
wheel,1780714387.448822021,3.279971600,-0.768905170,0.011068829,-0.028683008,-1.643415,-0.768905170,0.011068829,-1.643415,-0.251139690,-0.006875298
wheel,1780714387.468788385,3.299937963,-0.773857890,0.011210927,-0.028683008,-1.643415,-0.773857890,0.011210927,-1.643415,-0.250988987,-0.006806545
wheel,1780714387.488807678,3.319957256,-0.773857890,0.011210927,-0.028683008,-1.643415,-0.773857890,0.011210927,-1.643415,-0.238439538,-0.006738479
wheel,1780714387.508784771,3.339934349,-0.783617791,0.011486428,-0.027757749,-1.590402,-0.783617791,0.011486428,-1.590402,-0.250948316,-0.006208062
wheel,1780714387.528823853,3.359973431,-0.788352102,0.011618972,-0.028220379,-1.616909,-0.788352102,0.011618972,-1.616909,-0.250220614,-0.006376891
rtabmap,1780714387.530173540,3.566920042,0.804365456,-0.043256637,-0.050041976,-2.867194,0.805216364,0.022394900,1.804171,0.250841647,0.008437710
wheel,1780714387.548780203,3.379929781,-0.793304822,0.011761069,-0.029145637,-1.669922,-0.793304822,0.011761069,-1.669922,-0.250121199,-0.006776675
wheel,1780714387.570672274,3.401821852,-0.793304822,0.011761069,-0.029145637,-1.669922,-0.793304822,0.011761069,-1.669922,-0.237615139,-0.006708908
wheel,1780714387.588807344,3.419956923,-0.797966143,0.011896965,-0.029145637,-1.669922,-0.797966143,0.011896965,-1.669922,-0.238592027,-0.006641819
wheel,1780714387.609174967,3.440324545,-0.807871317,0.012190326,-0.030070895,-1.722935,-0.807871317,0.012190326,-1.722935,-0.250989066,-0.007029680
wheel,1780714387.629728079,3.460877657,-0.812750970,0.012338235,-0.030533524,-1.749442,-0.812750970,0.012338235,-1.749442,-0.250319347,-0.007184538
wheel,1780714387.650224209,3.481373787,-0.817703348,0.012491789,-0.031458783,-1.802455,-0.817703348,0.012491789,-1.802455,-0.249887065,-0.007563997
wheel,1780714387.668796301,3.499945879,-0.822510068,0.012640827,-0.030533524,-1.749442,-0.822510068,0.012640827,-1.749442,-0.250340136,-0.006990140
wheel,1780714387.688750267,3.519899845,-0.822510068,0.012640827,-0.030533524,-1.749442,-0.822510068,0.012640827,-1.749442,-0.237823129,-0.006920239
wheel,1780714387.708748579,3.539898157,-0.832487866,0.012943269,-0.030070895,-1.722935,-0.832487866,0.012943269,-1.722935,-0.250890626,-0.006619697
wheel,1780714387.728834867,3.559984446,-0.837586047,0.013096622,-0.030070895,-1.722935,-0.837586047,0.013096622,-1.722935,-0.251044040,-0.006553500
wheel,1780714387.750454664,3.581604242,-0.842611431,0.013246622,-0.029608266,-1.696429,-0.842611431,0.013246622,-1.696429,-0.250132804,-0.006273730
wheel,1780714387.768923283,3.600072861,-0.847709682,0.013397616,-0.029608266,-1.696429,-0.847709682,0.013397616,-1.696429,-0.251424177,-0.006210993
wheel,1780714387.788786888,3.619936466,-0.847709682,0.013397616,-0.029608266,-1.696429,-0.847709682,0.013397616,-1.696429,-0.238852968,-0.006148883
wheel,1780714387.808815956,3.639965534,-0.857687755,0.013690826,-0.029145637,-1.669922,-0.857687755,0.013690826,-1.669922,-0.251834206,-0.005856377
wheel,1780714387.828798532,3.659948111,-0.862713276,0.013836176,-0.028683008,-1.643415,-0.862713276,0.013836176,-1.643415,-0.251824913,-0.005566252
wheel,1780714387.848851442,3.680001020,-0.867665996,0.013978274,-0.028683008,-1.643415,-0.867665996,0.013978274,-1.643415,-0.251586705,-0.005510590
rtabmap,1780714387.863847256,3.900593758,0.893972218,-0.045630142,-0.048625510,-2.786037,0.894718770,0.027326889,1.885328,0.268565506,0.004245054
wheel,1780714387.870094538,3.701244116,-0.872691517,0.014123624,-0.029145637,-1.669922,-0.872691517,0.014123624,-1.669922,-0.250838392,-0.005673216
wheel,1780714387.889460325,3.720609903,-0.872691517,0.014123624,-0.029145637,-1.669922,-0.872691517,0.014123624,-1.669922,-0.238296472,-0.005616484
wheel,1780714387.909115314,3.740264893,-0.882669591,0.014416834,-0.029608266,-1.696429,-0.882669591,0.014416834,-1.696429,-0.251775353,-0.005795691
wheel,1780714387.928808451,3.759958029,-0.887622178,0.014563514,-0.029608266,-1.696429,-0.887622178,0.014563514,-1.696429,-0.251768325,-0.005737734
wheel,1780714387.948763609,3.779913187,-0.892501898,0.014709166,-0.030070895,-1.722935,-0.892501898,0.014709166,-1.722935,-0.251409585,-0.005912144
wheel,1780714387.968795061,3.799944639,-0.897891404,0.014871282,-0.030070895,-1.722935,-0.897891404,0.014871282,-1.722935,-0.252298118,-0.005853023
wheel,1780714387.989794254,3.820943832,-0.897891404,0.014871282,-0.030070895,-1.722935,-0.897891404,0.014871282,-1.722935,-0.239683212,-0.005794493
wheel,1780714388.008783340,3.839932919,-0.897891404,0.014871282,-0.030070895,-1.722935,-0.897891404,0.014871282,-1.722935,-0.227699052,-0.005736548
wheel,1780714388.028777122,3.859926701,-0.907140895,0.015151648,-0.030533524,-1.749442,-0.907140895,0.015151648,-1.749442,-0.239456471,-0.005910577
wheel,1780714388.049220562,3.880370140,-0.907140895,0.015151648,-0.030533524,-1.749442,-0.907140895,0.015151648,-1.749442,-0.227483648,-0.005851471
wheel,1780714388.068880320,3.900029898,-0.917118552,0.015458706,-0.030996154,-1.775949,-0.917118552,0.015458706,-1.775949,-0.241496702,-0.006028269
wheel,1780714388.088828325,3.919977903,-0.922362247,0.015621292,-0.030996154,-1.775949,-0.922362247,0.015621292,-1.775949,-0.242575520,-0.005967986
wheel,1780714388.109519005,3.940668583,-0.932267003,0.015928400,-0.030996154,-1.775949,-0.932267003,0.015928400,-1.775949,-0.254390797,-0.005908306
wheel,1780714388.128798962,3.959948540,-0.937073724,0.016077438,-0.030996154,-1.775949,-0.937073724,0.016077438,-1.775949,-0.254142991,-0.005849223
wheel,1780714388.148765087,3.979914665,-0.942390285,0.016241052,-0.030533524,-1.749442,-0.942390285,0.016241052,-1.749442,-0.254754508,-0.005559051
wheel,1780714388.170350313,4.001499891,-0.946905753,0.016378968,-0.030533524,-1.749442,-0.946905753,0.016378968,-1.749442,-0.252481056,-0.005503461
wheel,1780714388.190608740,4.021758318,-0.946905753,0.016378968,-0.030533524,-1.749442,-0.946905753,0.016378968,-1.749442,-0.239857003,-0.005448426
rtabmap,1780714388.196817875,4.233564377,0.979545712,-0.050800640,-0.046431918,-2.660353,0.980429095,0.029142707,2.011012,0.257451236,0.006587956
wheel,1780714388.208818913,4.039968491,-0.946905753,0.016378968,-0.030533524,-1.749442,-0.946905753,0.016378968,-1.749442,-0.227864153,-0.005393942
wheel,1780714388.229682207,4.060831785,-0.956883267,0.016690642,-0.031921412,-1.828962,-0.956883267,0.016690642,-1.828962,-0.240394527,-0.006005240
wheel,1780714388.248773813,4.079923391,-0.966423530,0.016997493,-0.032384041,-1.855469,-0.966423530,0.016997493,-1.855469,-0.253371963,-0.006187496
wheel,1780714388.268768311,4.099917889,-0.971230038,0.017153202,-0.032384041,-1.855469,-0.971230038,0.017153202,-1.855469,-0.252727958,-0.006125621
wheel,1780714388.288777351,4.119926929,-0.971230038,0.017153202,-0.032384041,-1.855469,-0.971230038,0.017153202,-1.855469,-0.240091560,-0.006064365
wheel,1780714388.308778763,4.139928341,-0.980988707,0.017469338,-0.032384041,-1.855469,-0.980988707,0.017469338,-1.855469,-0.252493567,-0.006003721
wheel,1780714388.329921484,4.161071062,-0.986013656,0.017633286,-0.032846670,-1.881976,-0.986013656,0.017633286,-1.881976,-0.251759819,-0.006162518
wheel,1780714388.348747730,4.179897308,-0.990892954,0.017792483,-0.032384041,-1.855469,-0.990892954,0.017792483,-1.855469,-0.252135518,-0.005855194
wheel,1780714388.371135473,4.202285051,-0.996354854,0.017970688,-0.032846670,-1.881976,-0.996354854,0.017970688,-1.881976,-0.251734430,-0.006003300
wheel,1780714388.390288353,4.221437931,-0.996354854,0.017970688,-0.032846670,-1.881976,-0.996354854,0.017970688,-1.881976,-0.239147709,-0.005943267
wheel,1780714388.408784628,4.239934206,-1.005603532,0.018276727,-0.033309299,-1.908482,-1.005603532,0.018276727,-1.908482,-0.252206113,-0.006133960
wheel,1780714388.428811550,4.259961128,-1.010482681,0.018440438,-0.033771929,-1.934989,-1.010482681,0.018440438,-1.934989,-0.251785006,-0.006303641
wheel,1780714388.448771000,4.279920578,-1.015288968,0.018602817,-0.033771929,-1.934989,-1.015288968,0.018602817,-1.934989,-0.251240598,-0.006240605
wheel,1780714388.468801022,4.299950600,-1.020240823,0.018772408,-0.034697187,-1.988002,-1.020240823,0.018772408,-1.988002,-0.251048223,-0.006640184
wheel,1780714388.488771677,4.319921255,-1.022788732,0.018881508,-0.050889207,-2.915737,-1.022788732,0.018881508,-2.915737,-0.244881246,-0.014682269
wheel,1780714388.508780718,4.339930296,-1.030068398,0.019194905,-0.035159816,-2.014509,-1.030068398,0.019194905,-2.014509,-0.250843457,-0.006674960
wheel,1780714388.528747082,4.359896660,-1.034874377,0.019366179,-0.036085074,-2.067522,-1.034874377,0.019366179,-2.067522,-0.250342819,-0.007071569
rtabmap,1780714388.530881643,4.567628145,1.062530875,-0.049195506,-0.043081027,-2.468361,1.063007876,0.037500854,2.203004,0.247920126,0.010030672
wheel,1780714388.548979998,4.380129576,-1.039753053,0.019543432,-0.036547703,-2.094029,-1.039753053,0.019543432,-2.094029,-0.249891622,-0.007229538
wheel,1780714388.568757057,4.399906635,-1.044777275,0.019728302,-0.037010333,-2.120536,-1.044777275,0.019728302,-2.120536,-0.250106252,-0.007391136
wheel,1780714388.589762449,4.420912027,-1.044777275,0.019728302,-0.037010333,-2.120536,-1.044777275,0.019728302,-2.120536,-0.237600939,-0.007317225
wheel,1780714388.610126495,4.441276073,-1.044777275,0.019728302,-0.037010333,-2.120536,-1.044777275,0.019728302,-2.120536,-0.225720892,-0.007244052
wheel,1780714388.629038095,4.460187674,-1.059412802,0.020273605,-0.037472962,-2.147043,-1.059412802,0.020273605,-2.147043,-0.253161645,-0.007416273
wheel,1780714388.648871183,4.480020761,-1.064364082,0.020459231,-0.037472962,-2.147043,-1.064364082,0.020459231,-2.147043,-0.252996506,-0.007342110
wheel,1780714388.669616222,4.500765800,-1.069388043,0.020651073,-0.038860849,-2.226563,-1.069388043,0.020651073,-2.226563,-0.252461546,-0.007937557
wheel,1780714388.688773632,4.519923210,-1.069388043,0.020651073,-0.038860849,-2.226563,-1.069388043,0.020651073,-2.226563,-0.239838469,-0.007858181
wheel,1780714388.709132433,4.540282011,-1.079508414,0.021046902,-0.039323478,-2.253069,-1.079508414,0.021046902,-2.253069,-0.252720576,-0.008006837
wheel,1780714388.728828907,4.559978485,-1.084022496,0.021224503,-0.039323478,-2.253069,-1.084022496,0.021224503,-2.253069,-0.251553078,-0.007926769
wheel,1780714388.748814106,4.579963684,-1.089046185,0.021423318,-0.039786108,-2.279576,-1.089046185,0.021423318,-2.279576,-0.251554990,-0.008079009
rtabmap,1780714388.763922930,4.800669432,1.118739367,-0.052678987,-0.039489018,-2.262554,1.119313351,0.038606586,2.408811,0.241615638,0.015413641
wheel,1780714388.768842697,4.599992275,-1.093851410,0.021614600,-0.039786108,-2.279576,-1.093851410,0.021614600,-2.279576,-0.250981939,-0.007998219
wheel,1780714388.788785219,4.619934797,-1.093851410,0.021614600,-0.039786108,-2.279576,-1.093851410,0.021614600,-2.279576,-0.238432842,-0.007918237
wheel,1780714388.808898687,4.640048265,-1.103680187,0.022008132,-0.040248737,-2.306083,-1.103680187,0.022008132,-2.306083,-0.250978601,-0.008069201
wheel,1780714388.829002857,4.660152435,-1.108776543,0.022213365,-0.040248737,-2.306083,-1.108776543,0.022213365,-2.306083,-0.251112861,-0.007988509
wheel,1780714388.848825932,4.679975510,-1.113581678,0.022406870,-0.040248737,-2.306083,-1.113581678,0.022406870,-2.306083,-0.250681848,-0.007908624
wheel,1780714388.868913889,4.700063467,-1.118532331,0.022608529,-0.041173995,-2.359096,-1.118532331,0.022608529,-2.359096,-0.250480706,-0.008290152
wheel,1780714388.888799191,4.719948769,-1.118532331,0.022608529,-0.041173995,-2.359096,-1.118532331,0.022608529,-2.359096,-0.237956671,-0.008207250
wheel,1780714388.908763170,4.739912748,-1.128506156,0.023021735,-0.041636624,-2.385603,-1.128506156,0.023021735,-2.385603,-0.251056234,-0.008356876
wheel,1780714388.928796530,4.759946108,-1.133456620,0.023227975,-0.041636624,-2.385603,-1.133456620,0.023227975,-2.385603,-0.250872047,-0.008273308
wheel,1780714388.948794603,4.779944181,-1.138043124,0.023417989,-0.041173995,-2.359096,-1.138043124,0.023417989,-2.359096,-0.249805781,-0.007959235
wheel,1780714388.969960928,4.801110506,-1.143212040,0.023632132,-0.041636624,-2.385603,-1.143212040,0.023632132,-2.385603,-0.249536616,-0.008098219
wheel,1780714388.988791704,4.819941282,-1.143212040,0.023632132,-0.041636624,-2.385603,-1.143212040,0.023632132,-2.385603,-0.237059785,-0.008017236
wheel,1780714389.008843660,4.839993238,-1.152748871,0.024031653,-0.042099253,-2.412110,-1.152748871,0.024031653,-2.412110,-0.249013616,-0.008167834
wheel,1780714389.028800011,4.859949589,-1.157699240,0.024240183,-0.042099253,-2.412110,-1.157699240,0.024240183,-2.412110,-0.248968477,-0.008086156
rtabmap,1780714389.030343771,5.067090273,1.186043501,-0.054062776,-0.037192660,-2.130982,1.186506612,0.042708670,2.540382,0.252631426,0.008619312
wheel,1780714389.048792362,4.879941940,-1.163013657,0.024462817,-0.041636624,-2.385603,-1.163013657,0.024462817,-2.385603,-0.249820140,-0.007773938
wheel,1780714389.068837881,4.899987459,-1.167527228,0.024652947,-0.042561883,-2.438616,-1.167527228,0.024652947,-2.438616,-0.248598628,-0.008157827
wheel,1780714389.088786602,4.919936180,-1.167527228,0.024652947,-0.042561883,-2.438616,-1.167527228,0.024652947,-2.438616,-0.236168697,-0.008076248
wheel,1780714389.108753443,4.939903021,-1.172473571,0.024941603,-0.074020665,-4.241072,-1.172473571,0.024941603,-4.241072,-0.236767432,-0.023750623
wheel,1780714389.128796816,4.959946394,-1.182293383,0.025516940,-0.043024512,-2.465123,-1.182293383,0.025516940,-2.465123,-0.249467768,-0.008048393
wheel,1780714389.149975061,4.981124640,-1.187316403,0.025732023,-0.042561883,-2.438616,-1.187316403,0.025732023,-2.438616,-0.248863358,-0.007749479
wheel,1780714389.168788671,4.999938250,-1.192048139,0.025936826,-0.043949770,-2.518136,-1.192048139,0.025936826,-2.518136,-0.249009179,-0.008409800
wheel,1780714389.188814163,5.019963741,-1.192048139,0.025936826,-0.043949770,-2.518136,-1.192048139,0.025936826,-2.518136,-0.236558720,-0.008325702
wheel,1780714389.209212542,5.040362120,-1.202093468,0.026383256,-0.044875028,-2.571150,-1.202093468,0.026383256,-2.571150,-0.249374494,-0.008695976
wheel,1780714389.229286194,5.060435772,-1.206824817,0.026596815,-0.045337657,-2.597656,-1.206824817,0.026596815,-2.597656,-0.248702741,-0.008839482
wheel,1780714389.248834848,5.079984426,-1.211701746,0.026816945,-0.044875028,-2.571150,-1.211701746,0.026816945,-2.571150,-0.248759916,-0.008514322
wheel,1780714389.268771648,5.099921227,-1.216724149,0.027045969,-0.046262916,-2.650670,-1.216724149,0.027045969,-2.650670,-0.248926147,-0.009125064
wheel,1780714389.288776636,5.119926214,-1.216724149,0.027045969,-0.046262916,-2.650670,-1.216724149,0.027045969,-2.650670,-0.236479840,-0.009033814
wheel,1780714389.309682846,5.140832424,-1.226404808,0.027491900,-0.045800287,-2.624163,-1.226404808,0.027491900,-2.624163,-0.247833784,-0.008722180
rtabmap,1780714389.330513239,5.367259741,1.260419250,-0.058301356,-0.032842046,-1.881711,1.260980491,0.044541361,2.789654,0.248132855,0.014493831
wheel,1780714389.332791090,5.163940668,-1.231427105,0.027723248,-0.046262916,-2.650670,-1.231427105,0.027723248,-2.650670,-0.246333322,-0.008835395
wheel,1780714389.350187063,5.181336641,-1.236376562,0.027952388,-0.046262916,-2.650670,-1.236376562,0.027952388,-2.650670,-0.248234574,-0.008747041
wheel,1780714389.368802071,5.199951649,-1.241180447,0.028174788,-0.046262916,-2.650670,-1.241180447,0.028174788,-2.650670,-0.248742075,-0.008659570
wheel,1780714389.388854027,5.220003605,-1.241180447,0.028174788,-0.046262916,-2.650670,-1.241180447,0.028174788,-2.650670,-0.236304971,-0.008572975
wheel,1780714389.408880711,5.240030289,-1.251370505,0.028646547,-0.046262916,-2.650670,-1.251370505,0.028646547,-2.650670,-0.249955143,-0.008487245
wheel,1780714389.428814888,5.259964466,-1.255955982,0.028859899,-0.046725545,-2.677177,-1.255955982,0.028859899,-2.677177,-0.248972890,-0.008634481
wheel,1780714389.448904753,5.280054331,-1.261123630,0.029102734,-0.047188174,-2.703683,-1.261123630,0.029102734,-2.703683,-0.249395645,-0.008778343
wheel,1780714389.469604492,5.300754070,-1.265854473,0.029327236,-0.047650803,-2.730190,-1.265854473,0.029327236,-2.730190,-0.248366284,-0.008914060
wheel,1780714389.488734722,5.319884300,-1.265854473,0.029327236,-0.047650803,-2.730190,-1.265854473,0.029327236,-2.730190,-0.235947970,-0.008824919
wheel,1780714389.508800030,5.339949608,-1.275534290,0.029791081,-0.048113432,-2.756697,-1.275534290,0.029791081,-2.756697,-0.248302472,-0.008967264
wheel,1780714389.528807163,5.359956741,-1.280556038,0.030034045,-0.048576062,-2.783203,-1.280556038,0.030034045,-2.783203,-0.248453121,-0.009108846
wheel,1780714389.548775196,5.379924774,-1.285650508,0.030281710,-0.048576062,-2.783203,-1.285650508,0.030281710,-2.783203,-0.248800722,-0.009017758
wheel,1780714389.568820238,5.399969816,-1.285650508,0.030281710,-0.048576062,-2.783203,-1.285650508,0.030281710,-2.783203,-0.236360686,-0.008927580
wheel,1780714389.591924906,5.423074484,-1.290308309,0.030508145,-0.048576062,-2.783203,-1.290308309,0.030508145,-2.783203,-0.234634652,-0.008838304
wheel,1780714389.608802319,5.439951897,-1.300278802,0.030995166,-0.049038691,-2.809710,-1.300278802,0.030995166,-2.809710,-0.252479876,-0.009024067
wheel,1780714389.628952026,5.460101604,-1.305227604,0.031238043,-0.049038691,-2.809710,-1.305227604,0.031238043,-2.809710,-0.252152783,-0.008933827
rtabmap,1780714389.630438566,5.667185068,1.336339474,-0.062032010,-0.027822288,-1.594100,1.336952351,0.047006072,3.077265,0.253402501,0.016736716
wheel,1780714389.648792505,5.479942083,-1.310249240,0.031483331,-0.048576062,-2.783203,-1.310249240,0.031483331,-2.783203,-0.252211148,-0.008611390
wheel,1780714389.671215773,5.502365351,-1.315270875,0.031728618,-0.049038691,-2.809710,-1.315270875,0.031728618,-2.809710,-0.250811794,-0.008731601
wheel,1780714389.688845873,5.519995451,-1.315270875,0.031728618,-0.049038691,-2.809710,-1.315270875,0.031728618,-2.809710,-0.238271204,-0.008644285
wheel,1780714389.710404158,5.541553736,-1.325095590,0.032213074,-0.049501320,-2.836217,-1.325095590,0.032213074,-2.836217,-0.249168453,-0.008772406
wheel,1780714389.728849888,5.559999466,-1.327568894,0.032355114,-0.065230711,-3.737444,-1.327568894,0.032355114,-3.737444,-0.243426304,-0.017213283
wheel,1780714389.749225378,5.580374956,-1.335061649,0.032783676,-0.049038691,-2.809710,-1.335061649,0.032783676,-2.809710,-0.249668495,-0.009095732
wheel,1780714389.769048452,5.600198030,-1.340010451,0.033026554,-0.049038691,-2.809710,-1.340010451,0.033026554,-2.809710,-0.249686883,-0.009004775
wheel,1780714389.789897442,5.621047020,-1.340010451,0.033026554,-0.049038691,-2.809710,-1.340010451,0.033026554,-2.809710,-0.237202539,-0.008914727
wheel,1780714389.808769703,5.639919281,-1.350126499,0.033520684,-0.048576062,-2.783203,-1.350126499,0.033520684,-2.783203,-0.252169971,-0.008580496
wheel,1780714389.828788280,5.659937859,-1.354857025,0.033751752,-0.049038691,-2.809710,-1.354857025,0.033751752,-2.809710,-0.251391886,-0.008725810
wheel,1780714389.848810911,5.679960489,-1.360096933,0.034008917,-0.049038691,-2.809710,-1.360096933,0.034008917,-2.809710,-0.251923784,-0.008638552
wheel,1780714389.872716188,5.703865767,-1.364827459,0.034239985,-0.048576062,-2.783203,-1.364827459,0.034239985,-2.783203,-0.249234199,-0.008358631
wheel,1780714389.888853788,5.720003366,-1.367521272,0.034347842,-0.031458783,-1.802455,-1.367521272,0.034347842,-1.802455,-0.245124083,0.002330154
wheel,1780714389.909259081,5.740408659,-1.374656170,0.034635168,-0.049038691,-2.809710,-1.374656170,0.034635168,-2.809710,-0.250365008,-0.006308514
wheel,1780714389.928870916,5.760020494,-1.374656170,0.034635168,-0.049038691,-2.809710,-1.374656170,0.034635168,-2.809710,-0.237846758,-0.006245429
rtabmap,1780714389.930117607,5.966864109,1.414807796,-0.065789729,-0.025950934,-1.486879,1.415466049,0.049651328,3.184486,0.262088627,0.006244522
wheel,1780714389.948915243,5.780064821,-1.384553774,0.035120923,-0.049038691,-2.809710,-1.384553774,0.035120923,-2.809710,-0.250666077,-0.006182975
wheel,1780714389.969455719,5.800605297,-1.389429744,0.035361356,-0.049501320,-2.836217,-1.389429744,0.035361356,-2.836217,-0.250030041,-0.006346632
wheel,1780714389.989616871,5.820766449,-1.389429744,0.035361356,-0.049501320,-2.836217,-1.389429744,0.035361356,-2.836217,-0.237528538,-0.006283166
wheel,1780714390.009242058,5.840391636,-1.399327122,0.035851690,-0.049501320,-2.836217,-1.399327122,0.035851690,-2.836217,-0.250902421,-0.006220334
wheel,1780714390.028797150,5.859946728,-1.404421243,0.036106424,-0.050426578,-2.889230,-1.404421243,0.036106424,-2.889230,-0.251398149,-0.006631268
wheel,1780714390.048800707,5.879950285,-1.409151444,0.036344058,-0.049963949,-2.862723,-1.409151444,0.036344058,-2.862723,-0.250666410,-0.006333685
wheel,1780714390.069930792,5.901080370,-1.414100019,0.036591514,-0.049963949,-2.862723,-1.414100019,0.036591514,-2.862723,-0.249856448,-0.006270348
wheel,1780714390.088900805,5.920050383,-1.414100019,0.036591514,-0.049963949,-2.862723,-1.414100019,0.036591514,-2.862723,-0.237363625,-0.006207645
wheel,1780714390.109556675,5.940706253,-1.424070057,0.037087759,-0.049501320,-2.836217,-1.424070057,0.037087759,-2.836217,-0.249660382,-0.005921585
wheel,1780714390.129003763,5.960153341,-1.428873196,0.037325716,-0.049501320,-2.836217,-1.428873196,0.037325716,-2.836217,-0.249544034,-0.005862370
wheel,1780714390.148864269,5.980013847,-1.433894603,0.037575649,-0.049963949,-2.862723,-1.433894603,0.037575649,-2.862723,-0.249722498,-0.006036654
wheel,1780714390.168789387,5.999938965,-1.438770348,0.037820595,-0.050426578,-2.889230,-1.438770348,0.037820595,-2.889230,-0.249484338,-0.006208422
wheel,1780714390.188804865,6.019954443,-1.438770348,0.037820595,-0.050426578,-2.889230,-1.438770348,0.037820595,-2.889230,-0.237010121,-0.006146338
rtabmap,1780714390.196822643,6.233569145,1.483731508,-0.060131777,-0.023181619,-1.328209,1.483700025,0.060903660,3.343156,0.257789135,0.010383443
wheel,1780714390.208774567,6.039924145,-1.448667268,0.038320086,-0.050426578,-2.889230,-1.448667268,0.038320086,-2.889230,-0.249968032,-0.006084874
wheel,1780714390.228859425,6.060009003,-1.453542900,0.038567287,-0.050889207,-2.915737,-1.453542900,0.038567287,-2.915737,-0.249624100,-0.006254387
wheel,1780714390.248831272,6.079980850,-1.458491244,0.038819321,-0.050889207,-2.915737,-1.458491244,0.038819321,-2.915737,-0.249552436,-0.006191843
wheel,1780714390.268815994,6.099965572,-1.458491244,0.038819321,-0.050889207,-2.915737,-1.458491244,0.038819321,-2.915737,-0.237074814,-0.006129925
wheel,1780714390.289550781,6.120700359,-1.463439587,0.039071356,-0.050889207,-2.915737,-1.463439587,0.039071356,-2.915737,-0.237167773,-0.006068626
wheel,1780714390.308933735,6.140083313,-1.473263390,0.039573992,-0.051351837,-2.942244,-1.473263390,0.039573992,-2.942244,-0.250686687,-0.006246644
wheel,1780714390.330456734,6.161606312,-1.478211616,0.039828316,-0.051351837,-2.942244,-1.478211616,0.039828316,-2.942244,-0.249662989,-0.006184178
wheel,1780714390.349079370,6.180228949,-1.483232552,0.040087542,-0.051814466,-2.968750,-1.483232552,0.040087542,-2.968750,-0.250677834,-0.006370746
wheel,1780714390.368763208,6.199912786,-1.488107952,0.040339254,-0.051351837,-2.942244,-1.488107952,0.040339254,-2.942244,-0.250543509,-0.006072032
wheel,1780714390.388774157,6.219923735,-1.488107952,0.040339254,-0.051351837,-2.942244,-1.488107952,0.040339254,-2.942244,-0.238016333,-0.006011311
wheel,1780714390.408808470,6.239958048,-1.498222830,0.040856782,-0.050889207,-2.915737,-1.498222830,0.040856782,-2.915737,-0.251391520,-0.005720288
wheel,1780714390.429117203,6.260266781,-1.500770739,0.040965882,-0.034697187,-1.988002,-1.500770739,0.040965882,-1.988002,-0.245101883,0.002311441
wheel,1780714390.448841095,6.279990673,-1.508050405,0.041279280,-0.051351837,-2.942244,-1.508050405,0.041279280,-2.942244,-0.251320268,-0.006156692
rtabmap,1780714390.463783026,6.500529528,1.559664249,-0.059619173,-0.022403974,-1.283653,1.559338787,0.067598554,3.387712,0.284313738,0.002912977
wheel,1780714390.468780994,6.299930573,-1.512998632,0.041533604,-0.051351837,-2.942244,-1.512998632,0.041533604,-2.942244,-0.251175961,-0.006095125
wheel,1780714390.488787174,6.319936752,-1.515980533,0.041715234,-0.070319632,-4.029018,-1.515980533,0.041715234,-4.029018,-0.246082980,-0.015514577
wheel,1780714390.508818388,6.339967966,-1.520927910,0.041985581,-0.038860849,-2.226563,-1.520927910,0.041985581,-2.226563,-0.246149517,0.000349376
wheel,1780714390.529085636,6.360235214,-1.527988390,0.042307543,-0.052277095,-2.995257,-1.527988390,0.042307543,-2.995257,-0.251276128,-0.006272852
wheel,1780714390.548804283,6.379953861,-1.532936380,0.042566445,-0.052277095,-2.995257,-1.532936380,0.042566445,-2.995257,-0.251275351,-0.006210123
wheel,1780714390.569815636,6.400965214,-1.537884369,0.042825348,-0.052277095,-2.995257,-1.537884369,0.042825348,-2.995257,-0.250500915,-0.006148022
wheel,1780714390.588755131,6.419904709,-1.537884369,0.042825348,-0.052277095,-2.995257,-1.537884369,0.042825348,-2.995257,-0.237975869,-0.006086542
wheel,1780714390.608789206,6.439938784,-1.548071158,0.043363095,-0.053202353,-3.048270,-1.548071158,0.043363095,-3.048270,-0.251535224,-0.006487502
wheel,1780714390.628767252,6.459916830,-1.552364004,0.043592696,-0.053664982,-3.074777,-1.552364004,0.043592696,-3.074777,-0.249718368,-0.006654210
wheel,1780714390.649119139,6.480268717,-1.557602666,0.043874099,-0.053664982,-3.074777,-1.557602666,0.043874099,-3.074777,-0.250121519,-0.006587668
wheel,1780714390.669319868,6.500469446,-1.562186438,0.044121387,-0.054127611,-3.101284,-1.562186438,0.044121387,-3.101284,-0.248976028,-0.006750777
wheel,1780714390.689096689,6.520246267,-1.562186438,0.044121387,-0.054127611,-3.101284,-1.562186438,0.044121387,-3.101284,-0.236527226,-0.006683270
wheel,1780714390.710348606,6.541498184,-1.571935927,0.044649619,-0.054127611,-3.101284,-1.571935927,0.044649619,-3.101284,-0.247672155,-0.006616437
wheel,1780714390.729654312,6.560803890,-1.577101636,0.044930698,-0.054590241,-3.127790,-1.577101636,0.044930698,-3.127790,-0.248688869,-0.006789938
rtabmap,1780714390.730337381,6.767083883,1.628325462,-0.058946967,-0.019913760,-1.140974,1.627717177,0.073860324,3.530391,0.257466853,0.009342245
wheel,1780714390.749537468,6.580687046,-1.577101636,0.044930698,-0.054590241,-3.127790,-1.577101636,0.044930698,-3.127790,-0.236254425,-0.006722039
wheel,1780714390.768873930,6.600023508,-1.587360039,0.045493644,-0.055052870,-3.154297,-1.587360039,0.045493644,-3.154297,-0.251021438,-0.006894195
wheel,1780714390.788839579,6.619989157,-1.587360039,0.045493644,-0.055052870,-3.154297,-1.587360039,0.045493644,-3.154297,-0.238470366,-0.006825253
wheel,1780714390.810238600,6.641388178,-1.596308630,0.045988864,-0.055515499,-3.180804,-1.596308630,0.045988864,-3.180804,-0.247486087,-0.006973175
wheel,1780714390.828835964,6.659985542,-1.601255627,0.046266078,-0.056440757,-3.233817,-1.601255627,0.046266078,-3.233817,-0.248434108,-0.007401009
wheel,1780714390.848901033,6.680050611,-1.606275309,0.046548529,-0.055978128,-3.207310,-1.606275309,0.046548529,-3.207310,-0.248543379,-0.007096386
wheel,1780714390.868868828,6.700018406,-1.611149493,0.046822793,-0.056440757,-3.233817,-1.611149493,0.046822793,-3.233817,-0.248339316,-0.007257084
wheel,1780714390.888803005,6.719952583,-1.611149493,0.046822793,-0.056440757,-3.233817,-1.611149493,0.046822793,-3.233817,-0.235922351,-0.007184514
wheel,1780714390.908784866,6.739934444,-1.620897734,0.047373576,-0.056440757,-3.233817,-1.620897734,0.047373576,-3.233817,-0.248557862,-0.007112668
wheel,1780714390.929032087,6.760181665,-1.625917285,0.047658349,-0.056903386,-3.260324,-1.625917285,0.047658349,-3.260324,-0.248545117,-0.007270024
wheel,1780714390.948789597,6.779939175,-1.630791213,0.047937123,-0.057366016,-3.286831,-1.630791213,0.047937123,-3.286831,-0.248475222,-0.007431531
wheel,1780714390.969289303,6.800438881,-1.636174286,0.048246268,-0.057366016,-3.286831,-1.636174286,0.048246268,-3.286831,-0.249200283,-0.007357216
wheel,1780714390.988831043,6.819980621,-1.636174286,0.048246268,-0.057366016,-3.286831,-1.636174286,0.048246268,-3.286831,-0.236740269,-0.007283643
rtabmap,1780714390.996894598,7.033641100,1.697242379,-0.063100256,-0.016417531,-0.940655,1.696743412,0.075333453,3.730710,0.258803725,0.013116249
wheel,1780714391.008816719,6.839966297,-1.645412681,0.048778964,-0.057828645,-3.313337,-1.645412681,0.048778964,-3.313337,-0.248054462,-0.007442290
wheel,1780714391.028806210,6.859955788,-1.650359157,0.049065331,-0.057828645,-3.313337,-1.650359157,0.049065331,-3.313337,-0.248045738,-0.007367867
wheel,1780714391.048773050,6.879922628,-1.655378442,0.049354748,-0.057366016,-3.286831,-1.655378442,0.049354748,-3.286831,-0.248232780,-0.007062501
wheel,1780714391.068767786,6.899917364,-1.660252241,0.049635777,-0.057828645,-3.313337,-1.660252241,0.049635777,-3.313337,-0.248029089,-0.007223251
wheel,1780714391.088818550,6.919968128,-1.660252241,0.049635777,-0.057828645,-3.313337,-1.660252241,0.049635777,-3.313337,-0.235627635,-0.007151019
wheel,1780714391.108816147,6.939965725,-1.670144926,0.050213088,-0.058753903,-3.366351,-1.670144926,0.050213088,-3.366351,-0.248624499,-0.007542221
wheel,1780714391.129090071,6.960239649,-1.675309280,0.050518063,-0.059216532,-3.392857,-1.675309280,0.050518063,-3.392857,-0.248950705,-0.007694967
wheel,1780714391.149799347,6.980948925,-1.680037209,0.050797264,-0.058753903,-3.366351,-1.680037209,0.050797264,-3.366351,-0.247940430,-0.007394578
wheel,1780714391.169332504,7.000482082,-1.684983283,0.051090497,-0.059679161,-3.419364,-1.684983283,0.051090497,-3.419364,-0.248223566,-0.007794215
wheel,1780714391.188774824,7.019924402,-1.684983283,0.051090497,-0.059679161,-3.419364,-1.684983283,0.051090497,-3.419364,-0.235812387,-0.007716272
wheel,1780714391.208782196,7.039931774,-1.695020626,0.051690229,-0.059679161,-3.419364,-1.695020626,0.051690229,-3.419364,-0.249149420,-0.007639110
wheel,1780714391.228856802,7.060006380,-1.699821095,0.051977058,-0.059679161,-3.419364,-1.699821095,0.051977058,-3.419364,-0.248675109,-0.007562719
wheel,1780714391.248747587,7.079897165,-1.704621564,0.052263886,-0.059679161,-3.419364,-1.704621564,0.052263886,-3.419364,-0.248323858,-0.007487091
wheel,1780714391.268799543,7.099949121,-1.709567364,0.052561695,-0.060604420,-3.472377,-1.709567364,0.052561695,-3.472377,-0.248264670,-0.007873733
wheel,1780714391.289817333,7.120966911,-1.709567364,0.052561695,-0.060604420,-3.472377,-1.709567364,0.052561695,-3.472377,-0.235851436,-0.007794996
wheel,1780714391.308974743,7.140124321,-1.719531278,0.053168605,-0.061067049,-3.498884,-1.719531278,0.053168605,-3.498884,-0.250112765,-0.007958537
wheel,1780714391.328811646,7.159961224,-1.724331344,0.053462096,-0.061067049,-3.498884,-1.724331344,0.053462096,-3.498884,-0.249728405,-0.007878952
wheel,1780714391.348853588,7.180003166,-1.729131410,0.053755587,-0.061067049,-3.498884,-1.729131410,0.053755587,-3.498884,-0.249238115,-0.007800162
rtabmap,1780714391.363245487,7.399991989,1.794682264,-0.058281191,-0.013284684,-0.761156,1.793467156,0.088072054,3.910209,0.265722185,0.008551490
wheel,1780714391.368875742,7.200025320,-1.734585953,0.054090361,-0.061529678,-3.525391,-1.734585953,0.054090361,-3.525391,-0.250422135,-0.007953203
wheel,1780714391.392854691,7.224004269,-1.734585953,0.054090361,-0.061529678,-3.525391,-1.734585953,0.054090361,-3.525391,-0.237901029,-0.007873671
wheel,1780714391.409005880,7.240155458,-1.744841072,0.054710248,-0.059216532,-3.392857,-1.744841072,0.054710248,-3.392857,-0.257813527,-0.006362646
wheel,1780714391.428752661,7.259902239,-1.748768399,0.054950377,-0.062917565,-3.604911,-1.748768399,0.054950377,-3.604911,-0.254884799,-0.008173107
wheel,1780714391.448932648,7.280082226,-1.753786000,0.055267654,-0.063380195,-3.631418,-1.753786000,0.055267654,-3.631418,-0.254603106,-0.008320731
wheel,1780714391.468778849,7.299928427,-1.758875792,0.055597772,-0.066155970,-3.790458,-1.758875792,0.055597772,-3.790458,-0.254719125,-0.009635746
wheel,1780714391.492199421,7.323348999,-1.761273764,0.055775039,-0.081422732,-4.665179,-1.761273764,0.055775039,-4.665179,-0.247115829,-0.016057053
wheel,1780714391.508923531,7.340073109,-1.768613262,0.056314187,-0.065230711,-3.737444,-1.768613262,0.056314187,-3.737444,-0.256764222,-0.006213673
wheel,1780714391.529941082,7.361090660,-1.773412352,0.056623220,-0.063380195,-3.631418,-1.773412352,0.056623220,-3.631418,-0.255365872,-0.005271124
wheel,1780714391.548851728,7.380001307,-1.773412352,0.056623220,-0.063380195,-3.631418,-1.773412352,0.056623220,-3.631418,-0.242597578,-0.005218412
wheel,1780714391.568852663,7.400002241,-1.783738279,0.057278557,-0.063380195,-3.631418,-1.783738279,0.057278557,-3.631418,-0.256334477,-0.005166228
wheel,1780714391.591684103,7.422833681,-1.783738279,0.057278557,-0.063380195,-3.631418,-1.783738279,0.057278557,-3.631418,-0.243517753,-0.005114566
wheel,1780714391.608954430,7.440104008,-1.792827869,0.057857541,-0.063842824,-3.657924,-1.792827869,0.057857541,-3.657924,-0.257723574,-0.005331425
wheel,1780714391.630283833,7.461433411,-1.792827869,0.057857541,-0.063842824,-3.657924,-1.792827869,0.057857541,-3.657924,-0.244837395,-0.005278111
wheel,1780714391.648757935,7.479907513,-1.802717197,0.058489763,-0.063842824,-3.657924,-1.802717197,0.058489763,-3.657924,-0.259417625,-0.005225330
wheel,1780714391.669549227,7.500698805,-1.807734503,0.058811683,-0.064305453,-3.684431,-1.807734503,0.058811683,-3.684431,-0.258535772,-0.005395557
wheel,1780714391.689197302,7.520346880,-1.807734503,0.058811683,-0.064305453,-3.684431,-1.807734503,0.058811683,-3.684431,-0.245608984,-0.005341601
wheel,1780714391.708750963,7.539900541,-1.818714728,0.059511095,-0.062917565,-3.604911,-1.818714728,0.059511095,-3.604911,-0.261462938,-0.004578393
rtabmap,1780714391.730072737,7.766819239,1.891078234,-0.056434199,-0.009457997,-0.541903,1.889392499,0.097763437,4.129462,0.262692988,0.010431853
wheel,1780714391.730204344,7.561353922,-1.822714148,0.059765848,-0.064305453,-3.684431,-1.822714148,0.059765848,-3.684431,-0.257730285,-0.005179569
wheel,1780714391.751183987,7.582333565,-1.822714148,0.059765848,-0.064305453,-3.684431,-1.822714148,0.059765848,-3.684431,-0.244843771,-0.005127774
wheel,1780714391.768743992,7.599893570,-1.832384607,0.060395309,-0.065693340,-3.763951,-1.832384607,0.060395309,-3.763951,-0.260194573,-0.005866843
wheel,1780714391.788814545,7.619964123,-1.832384607,0.060395309,-0.065693340,-3.763951,-1.832384607,0.060395309,-3.763951,-0.247184844,-0.005808174
wheel,1780714391.808801651,7.639951229,-1.842272749,0.061045830,-0.065693340,-3.763951,-1.842272749,0.061045830,-3.763951,-0.259613305,-0.005750093
wheel,1780714391.828819275,7.659968853,-1.847216819,0.061371091,-0.065693340,-3.763951,-1.847216819,0.061371091,-3.763951,-0.259012611,-0.005692592
wheel,1780714391.848850489,7.680000067,-1.852160890,0.061696351,-0.065693340,-3.763951,-1.852160890,0.061696351,-3.763951,-0.258425160,-0.005635666
wheel,1780714391.872421503,7.703571081,-1.852160890,0.061696351,-0.065693340,-3.763951,-1.852160890,0.061696351,-3.763951,-0.245503902,-0.005579309
wheel,1780714391.888774872,7.719924450,-1.857032328,0.062015702,-0.065230711,-3.737444,-1.857032328,0.062015702,-3.737444,-0.248155189,-0.005240617
wheel,1780714391.908756971,7.739906549,-1.867502125,0.062704489,-0.066155970,-3.790458,-1.867502125,0.062704489,-3.790458,-0.262002001,-0.005651254
wheel,1780714391.928765774,7.759915352,-1.871937043,0.062999344,-0.066618599,-3.816965,-1.871937043,0.062999344,-3.816965,-0.260008654,-0.005825952
wheel,1780714391.948801517,7.779951096,-1.871937043,0.062999344,-0.066618599,-3.816965,-1.871937043,0.062999344,-3.816965,-0.247008222,-0.005767692
wheel,1780714391.969120026,7.800269604,-1.881751725,0.063656434,-0.067081228,-3.843471,-1.881751725,0.063656434,-3.843471,-0.258860825,-0.005937674
wheel,1780714391.990816832,7.821966410,-1.881751725,0.063656434,-0.067081228,-3.843471,-1.881751725,0.063656434,-3.843471,-0.245917784,-0.005878298
wheel,1780714392.008755922,7.839905500,-1.891493553,0.064310910,-0.067081228,-3.843471,-1.891493553,0.064310910,-3.843471,-0.260835254,-0.005819515
wheel,1780714392.028962851,7.860112429,-1.897164170,0.064691873,-0.067081228,-3.843471,-1.897164170,0.064691873,-3.843471,-0.261859475,-0.005761319
rtabmap,1780714392.030929089,8.067675591,1.970803022,-0.054122534,-0.005476280,-0.313768,1.968664196,0.106560243,4.357597,0.264908463,0.013234613
wheel,1780714392.048746824,7.879896402,-1.899564437,0.064834732,-0.051814466,-2.968750,-1.899564437,0.064834732,-2.968750,-0.254846212,0.002016561
wheel,1780714392.068800688,7.899950266,-1.906619769,0.065254651,-0.067081228,-3.843471,-1.906619769,0.065254651,-3.843471,-0.259715097,-0.005611779
wheel,1780714392.088761330,7.919910908,-1.906619769,0.065254651,-0.067081228,-3.843471,-1.906619769,0.065254651,-3.843471,-0.246729342,-0.005555661
wheel,1780714392.109126329,7.940275908,-1.916506998,0.065918896,-0.067081228,-3.843471,-1.916506998,0.065918896,-3.843471,-0.258740036,-0.005500105
wheel,1780714392.128791571,7.959941149,-1.921450766,0.066248731,-0.066155970,-3.790458,-1.921450766,0.066248731,-3.790458,-0.258392090,-0.004974924
wheel,1780714392.150245190,7.981394768,-1.926394685,0.066576278,-0.066155970,-3.790458,-1.926394685,0.066576278,-3.790458,-0.257020219,-0.004925175
wheel,1780714392.168789148,7.999938726,-1.931411386,0.066907483,-0.065693340,-3.763951,-1.931411386,0.066907483,-3.763951,-0.257725514,-0.004626440
wheel,1780714392.188756227,8.019905806,-1.931411386,0.066907483,-0.065693340,-3.763951,-1.931411386,0.066907483,-3.763951,-0.244839239,-0.004580175
wheel,1780714392.208790302,8.039939880,-1.941154114,0.067548437,-0.065693340,-3.763951,-1.941154114,0.067548437,-3.763951,-0.256967551,-0.004534374
wheel,1780714392.229105473,8.060255051,-1.945952624,0.067866351,-0.066618599,-3.816965,-1.945952624,0.067866351,-3.816965,-0.255955091,-0.004944476
wheel,1780714392.248795033,8.079944611,-1.950678212,0.068182728,-0.067081228,-3.843471,-1.950678212,0.068182728,-3.843471,-0.255185310,-0.005130010
wheel,1780714392.269231558,8.100381136,-1.955040088,0.068477795,-0.068006486,-3.896485,-1.955040088,0.068477795,-3.896485,-0.253121203,-0.005531415
wheel,1780714392.288775206,8.119924784,-1.956567184,0.068574357,-0.058291274,-3.339844,-1.956567184,0.068574357,-3.339844,-0.244379688,-0.000505250
rtabmap,1780714392.297160149,8.333906651,2.043602705,-0.051748097,-0.002328186,-0.133395,2.041028678,0.114855628,4.537970,0.273392648,0.011824669
wheel,1780714392.308781147,8.139930725,-1.959257703,0.068745737,-0.068931744,-3.949498,-1.959257703,0.068745737,-3.949498,-0.238898872,-0.005819043
wheel,1780714392.330355406,8.161504984,-1.959475766,0.068760944,-0.070319632,-4.029018,-1.959475766,0.068760944,-4.029018,-0.227461026,-0.006404786
wheel,1780714392.348812103,8.179961681,-1.959911884,0.068791459,-0.069394374,-3.976005,-1.959911884,0.068791459,-3.976005,-0.217270905,-0.005840026
wheel,1780714392.368952036,8.200101614,-1.959911884,0.068791459,-0.069394374,-3.976005,-1.959911884,0.068791459,-3.976005,-0.206407360,-0.005781626
wheel,1780714392.389001608,8.220151186,-1.960275333,0.068816637,-0.068931744,-3.949498,-1.960275333,0.068816637,-3.949498,-0.196995444,-0.005493092
wheel,1780714392.408824444,8.239974022,-1.959475694,0.068761986,-0.067543857,-3.869978,-1.959475694,0.068761986,-3.869978,-0.185123247,-0.004737754
wheel,1780714392.430262327,8.261411905,-1.958021735,0.068663631,-0.067543857,-3.869978,-1.958021735,0.068663631,-3.869978,-0.172468048,-0.004690377
wheel,1780714392.448787928,8.279937506,-1.956495007,0.068561417,-0.066155970,-3.790458,-1.956495007,0.068561417,-3.790458,-0.159716106,-0.003894531
wheel,1780714392.470108032,8.301257610,-1.955040913,0.068465079,-0.066155970,-3.790458,-1.955040913,0.068465079,-3.790458,-0.148313174,-0.003855586
wheel,1780714392.488822222,8.319971800,-1.953368679,0.068354678,-0.065693340,-3.763951,-1.953368679,0.068354678,-3.763951,-0.136420423,-0.003569848
wheel,1780714392.510226250,8.341375828,-1.952278092,0.068282677,-0.066155970,-3.790458,-1.952278092,0.068282677,-3.790458,-0.127046006,-0.003750310
wheel,1780714392.530049562,8.361199141,-1.950751270,0.068181876,-0.065693340,-3.763951,-1.950751270,0.068181876,-3.763951,-0.116832388,-0.003479318
wheel,1780714392.548797846,8.379947424,-1.949079036,0.068071474,-0.066155970,-3.790458,-1.949079036,0.068071474,-3.790458,-0.106523861,-0.003691145
wheel,1780714392.568806410,8.399955988,-1.947188714,0.067946235,-0.066155970,-3.790458,-1.947188714,0.067946235,-3.790458,-0.096459464,-0.003654233
wheel,1780714392.588883162,8.420032740,-1.947188714,0.067946235,-0.066155970,-3.790458,-1.947188714,0.067946235,-3.790458,-0.091636491,-0.003617691
wheel,1780714392.608767986,8.439917564,-1.944062459,0.067738386,-0.066618599,-3.816965,-1.944062459,0.067738386,-3.816965,-0.079178957,-0.003814093
wheel,1780714392.628785372,8.459934950,-1.943044625,0.067670479,-0.066618599,-3.816965,-1.943044625,0.067670479,-3.816965,-0.072671586,-0.003775952
wheel,1780714392.648753405,8.479902983,-1.942390313,0.067626673,-0.067081228,-3.843471,-1.942390313,0.067626673,-3.843471,-0.067396254,-0.003969834
wheel,1780714392.668824196,8.499973774,-1.942390313,0.067626673,-0.067081228,-3.843471,-1.942390313,0.067626673,-3.843471,-0.064026441,-0.003930135
wheel,1780714392.688788176,8.519937754,-1.941663311,0.067577832,-0.067081228,-3.843471,-1.941663311,0.067577832,-3.843471,-0.059000557,-0.003890834
wheel,1780714392.708769321,8.539918900,-1.940936331,0.067528654,-0.068006486,-3.896485,-1.940936331,0.067528654,-3.896485,-0.054227447,-0.004314930
wheel,1780714392.728782415,8.559931993,-1.940936331,0.067528654,-0.068006486,-3.896485,-1.940936331,0.067528654,-3.896485,-0.051516075,-0.004271781
wheel,1780714392.749165058,8.580314636,-1.941517897,0.067568265,-0.068006486,-3.896485,-1.941517897,0.067568265,-3.896485,-0.050370128,-0.004229063
wheel,1780714392.768775940,8.599925518,-1.941517897,0.067568265,-0.068006486,-3.896485,-1.941517897,0.067568265,-3.896485,-0.047851622,-0.004186773
wheel,1780714392.788778305,8.619927883,-1.942172147,0.067612979,-0.068469115,-3.922991,-1.942172147,0.067612979,-3.922991,-0.047098172,-0.004376176
wheel,1780714392.809279919,8.640429497,-1.942172147,0.067612979,-0.068469115,-3.922991,-1.942172147,0.067612979,-3.922991,-0.044743263,-0.004332414
wheel,1780714392.831097364,8.662246943,-1.944643722,0.067782471,-0.068469115,-3.922991,-1.944643722,0.067782471,-3.922991,-0.048183681,-0.004289090
wheel,1780714392.848811865,8.679961443,-1.945516014,0.067842695,-0.069394374,-3.976005,-1.945516014,0.067842695,-3.976005,-0.048242278,-0.004768481
wheel,1780714392.868775368,8.699924946,-1.946242901,0.067893218,-0.069394374,-3.976005,-1.946242901,0.067893218,-3.976005,-0.047655010,-0.004720796
wheel,1780714392.888772249,8.719921827,-1.946242901,0.067893218,-0.069394374,-3.976005,-1.946242901,0.067893218,-3.976005,-0.045272259,-0.004673588
wheel,1780714392.908815861,8.739965439,-1.947405883,0.067974593,-0.070319632,-4.029018,-1.947405883,0.067974593,-4.029018,-0.045917145,-0.005088518
wheel,1780714392.928918600,8.760068178,-1.947769298,0.068000274,-0.070782261,-4.055525,-1.947769298,0.068000274,-4.055525,-0.044527488,-0.005267779
wheel,1780714392.948810101,8.779959679,-1.948060024,0.068020887,-0.070782261,-4.055525,-1.948060024,0.068020887,-4.055525,-0.043033641,-0.005215102
wheel,1780714392.968987226,8.800136805,-1.948350751,0.068041500,-0.070782261,-4.055525,-1.948350751,0.068041500,-4.055525,-0.041604178,-0.005162950
wheel,1780714392.988776684,8.819926262,-1.948350751,0.068041500,-0.070782261,-4.055525,-1.948350751,0.068041500,-4.055525,-0.039523969,-0.005111321
wheel,1780714393.008881569,8.840031147,-1.948568792,0.068057010,-0.071244890,-4.082032,-1.948568792,0.068057010,-4.082032,-0.038091555,-0.005290381
wheel,1780714393.028768539,8.859918118,-1.948641470,0.068062214,-0.071707519,-4.108538,-1.948641470,0.068062214,-4.108538,-0.036370136,-0.005470059
wheel,1780714393.049138069,8.880287647,-1.948714148,0.068067417,-0.071244890,-4.082032,-1.948714148,0.068067417,-4.082032,-0.034730556,-0.005188150
wheel,1780714393.068763256,8.899912834,-1.948714148,0.068067417,-0.071244890,-4.082032,-1.948714148,0.068067417,-4.082032,-0.032994028,-0.005136268
wheel,1780714393.089033127,8.920182705,-1.948714148,0.068067417,-0.071244890,-4.082032,-1.948714148,0.068067417,-4.082032,-0.031344326,-0.005084906
wheel,1780714393.108766556,8.939916134,-1.948350746,0.068041567,-0.070782261,-4.055525,-1.948350746,0.068041567,-4.055525,-0.028854083,-0.004799637
wheel,1780714393.128840685,8.959990263,-1.948060019,0.068020954,-0.070782261,-4.055525,-1.948060019,0.068020954,-4.055525,-0.026685265,-0.004751641
wheel,1780714393.152234793,8.983384371,-1.947914656,0.068010648,-0.070782261,-4.055525,-1.947914656,0.068010648,-4.055525,-0.025039611,-0.004704124
wheel,1780714393.168850899,9.000000477,-1.947623930,0.067990035,-0.070782261,-4.055525,-1.947623930,0.067990035,-4.055525,-0.022910198,-0.004657083
wheel,1780714393.188783646,9.019933224,-1.947478561,0.067979796,-0.069857003,-4.002511,-1.947478561,0.067979796,-4.002511,-0.021399265,-0.004146483
wheel,1780714393.208799124,9.039948702,-1.947187825,0.067959318,-0.070782261,-4.055525,-1.947187825,0.067959318,-4.055525,-0.019601155,-0.004567334
